handle,post_handle,post,post_timestamp,post_id
bruces.bsky.social,ottoenglish.bsky.social,"Vote Reform. 

Or we will house *dangerous migrant centres* in your village. And if you vote Green, it will be even worse for you.

It's beyond disturbing. The chill wind of threat, thuggery and menace of a kind never before seen in Britain.",2026-05-04T06:06:15.198Z,at://did:plc:5mqpgxjffcckasqv7h6g7itu/app.bsky.feed.post/3mkyyxaxnk22p
bruces.bsky.social,beijingpalmer.bsky.social,this man's levels of game are beyond mere mortals.,2026-05-04T09:10:40.265Z,at://did:plc:qfwinostecndnbvwwunsmihi/app.bsky.feed.post/3mkzdazfprs2p
bruces.bsky.social,maranomynet.bsky.social,Not all octopuses.,2026-05-04T10:28:06.645Z,at://did:plc:neb55iuski3exgzrm53u5shj/app.bsky.feed.post/3mkzhlijwcc2u
bruces.bsky.social,goingmedieval.bsky.social,"Kinda tired of the ""historians will say they're close friends"" meme. Babe, we've been screaming about how gay everyone is for *decades*. Funding for history keeps getting cut as a result. There are entire moral panics about it. You just haven't read any history since highschool.",2026-05-04T09:22:56.566Z,at://did:plc:wyjq6ym74oyazafkclvfjii5/app.bsky.feed.post/3mkzdwxlrrk22
katewillaert.bsky.social,feitclub.bsky.social,"as I stated in my MGC panel last weekend, you can sign up for ""real-time"" missives direct from Bram Stoker's novel as they happen via draculadaily.com",2026-05-03T23:00:53.371Z,at://did:plc:b76wp25kuvpxdjl23uijdsjb/app.bsky.feed.post/3mkyb6nga6k2x
katewillaert.bsky.social,tanookijoe.bsky.social,Here’s a high-res scan of a Kmart \ Marvel ad from 1995.,2026-05-04T11:46:25.105Z,at://did:plc:zrgg5pwakfkia7z77dexb5hn/app.bsky.feed.post/3mkzlxjdo2c2n
elainechen.com,hillarymonahan.bsky.social,"Having autism sensory issues is trying to explain ghosts only you can see to other people.

I hear all of the electronics in a room. I'm aware when lightbulbs are changed to LED and the brightness hurts. I can taste minuscule differences in foods that will make them great one day but bad the next.",2026-05-04T12:14:42.223Z,at://did:plc:cetrjmezvk2esgi7g5albcek/app.bsky.feed.post/3mkznk3tgxk2k
elainechen.com,v-e-tirado.com,"honestly i was thinking how gender confirming this was for me! every time theres a character creation game, i tend to choose the ""girl"" option and then use the most genderneutral options to trans the gender as i please",2026-05-04T01:14:37.789Z,at://did:plc:enoc6vpxbra2toalseoo6cy3/app.bsky.feed.post/3mkyins4bp22n
elainechen.com,celinashope.bsky.social,"I have found that for older ipods, a sharp wack on a solid surface can get the hd up & spinning again. I fixed 3 that way years ago, they still work. (ymmv)",2026-05-04T03:27:09.762Z,at://did:plc:v7jdyewji4s54galwptsu2v4/app.bsky.feed.post/3mkyq2rozik2c
elainechen.com,angrykem.bsky.social,"Today's #BirdOfTheDay theme is #Pairs. These two baby #TreeSwallows can see breakfast coming and have feelings about it.

#birds #photography #BirdPhotography #swallow #swallows #TreeSwallow #fledgling #wildlife #WildlifePhotography #nature #NaturePhotography",2026-05-04T12:01:07.317Z,at://did:plc:om25bk4y3bu5fl7up26pqwtx/app.bsky.feed.post/3mkzmrsoma22n
flicknow.xyz,tim.ink,It feels like a long one. How was your Monday?,2026-05-04T21:42:42.816Z,at://did:plc:nvc5ziurmfx5e6k7mygvrke3/app.bsky.feed.post/3ml2nbrmm2s25
flicknow.xyz,daverson.bsky.social,the $10 is for a paper cup of mostly ice moistened with cococola,2026-05-04T18:35:53.031Z,at://did:plc:hdgbgrdcdkhed5o77l52g7eh/app.bsky.feed.post/3ml2ctp55es25
flicknow.xyz,edwardodell.bsky.social,"if you're going to waste money on a spectacle, just set your money on fire, because this is guaranteed to taste like shit",2026-05-04T18:01:52.597Z,at://did:plc:xlpn3efkc3xdrpci2cvsezye/app.bsky.feed.post/3ml2awva22c2v
flicknow.xyz,kelson.bsky.social,"Mattress Firm? No, no thank you. Mattress soft, please",2026-05-04T18:09:07.880Z,at://did:plc:hjj5n64sujvlaepwtjfo27sy/app.bsky.feed.post/3ml2bduds4s2n
flicknow.xyz,natalie.sh,hell yeah,2026-05-04T17:34:06.751Z,at://did:plc:k644h4rq5bjfzcetgsa6tuby/app.bsky.feed.post/3ml27fakgdk2e
flicknow.xyz,realnotoriousrad.soy,Oh I mixed up this and next week's schedule I'm actually off today & tomorrow,2026-05-04T16:19:28.381Z,at://did:plc:jrk35qtbjxgv2cy5mudzacqg/app.bsky.feed.post/3ml237rng522a
flicknow.xyz,tim.ink,Happy Star Wars day mark 🖖,2026-05-04T16:01:01.034Z,at://did:plc:nvc5ziurmfx5e6k7mygvrke3/app.bsky.feed.post/3ml226rlvkk2k
flicknow.xyz,tim.ink,GM ☀️ wow another week how original,2026-05-04T13:01:56.076Z,at://did:plc:nvc5ziurmfx5e6k7mygvrke3/app.bsky.feed.post/3mkzq6kfsj22k
flicknow.xyz,musicboxtheatre.bsky.social,May The Firth Be With You,2026-05-04T15:00:18.539Z,at://did:plc:wz4w7vk7hhbfyfcqxhttoqg6/app.bsky.feed.post/3mkzws7trjs2p
flicknow.xyz,aendra.com,"Or so I'm told, I'm too polysaturated to care that nobody cute has ever slid into my DMs 💅🏼",2026-05-04T15:08:22.192Z,at://did:plc:kkf4naxqmweop7dv4l2iqqf5/app.bsky.feed.post/3mkzxan3nws2d
flicknow.xyz,aendra.com,"The trans version of Datesky is simply called ""Bluesky""",2026-05-04T15:06:56.437Z,at://did:plc:kkf4naxqmweop7dv4l2iqqf5/app.bsky.feed.post/3mkzx63cmt22d
flicknow.xyz,andrewtanyongyi.bsky.social,Tool And The Power Of 5/4!,2026-05-04T12:28:50.507Z,at://did:plc:c4xaehhi32ffwm6rhbf5yb7d/app.bsky.feed.post/3mkzodet2bs2v
flicknow.xyz,huwupy.kawaii.social,New crochet book,2026-05-04T12:18:39.209Z,at://did:plc:vw4e7blkwzdokanwp24k3igr/app.bsky.feed.post/3mkznr5txfc24
joshuaerlich.bsky.social,blackazizanansi.blacksky.app,Losers move in packs.,2026-05-05T02:46:46.319Z,at://did:plc:jd5ynkua4gin3r2fmb25marj/app.bsky.feed.post/3ml36bhyauk2r
joshuaerlich.bsky.social,lurkymclurk.bsky.social,"Incredible “didn’t finish the challenge, let’s just go crazy with the make up and wear it sluttier” project runway energy",2026-05-05T02:46:51.510Z,at://did:plc:bqslpcvatosdm7cstgyi7jt6/app.bsky.feed.post/3ml36bmwlbk2b
joshuaerlich.bsky.social,greaterhuff.bsky.social,The villain in a Cruella sequel,2026-05-05T02:45:12.564Z,at://did:plc:xahdy23zrmbeyue4yb76ibyv/app.bsky.feed.post/3ml366okxds2m
joshuaerlich.bsky.social,caitesq.bsky.social,"Just finished @antonyjohnston.bsky.social’s Can You Solve The Murder? with 120 points, and I’m prouder of this than of most of my actual professional accomplishments",2026-05-05T02:35:38.791Z,at://did:plc:yjy7vi2dmpixolz76vzia7ca/app.bsky.feed.post/3ml35nleu422k
joshuaerlich.bsky.social,thesix.bsky.social,The Weird West novels we’ve been denied.,2026-05-05T02:39:16.296Z,at://did:plc:y4j7i4nxowzhcba732sw4cgt/app.bsky.feed.post/3ml35u2ske224
joshuaerlich.bsky.social,katzish.bsky.social,"Most Met Gala attendees look pretty happy, but I’m getting a bit of a “you’re probably wondering how I ended up in this situation” vibe from Hudson here",2026-05-05T02:39:58.847Z,at://did:plc:zwlj2d6nr2yun2poyvokffjy/app.bsky.feed.post/3ml35vdf33k24
joshuaerlich.bsky.social,dly.bsky.social,i wish all billionaires a very fuck you,2024-10-29T00:07:57.163Z,at://did:plc:xccx7ujmsaolft6ukd2oakkx/app.bsky.feed.post/3l7mdkel4nc24
joshuaerlich.bsky.social,seantcollins.com,he's like Tim Curry playing Christopher Hitchens,2026-05-05T02:33:03.469Z,at://did:plc:eawrzkefxggvqbrmagkhsmcc/app.bsky.feed.post/3ml35ixaqj22r
joshuaerlich.bsky.social,antlervel.vet,Roger Allam’s monologues are so good,2026-05-05T02:31:50.591Z,at://did:plc:z4llsx425l4htoylyyx6iam3/app.bsky.feed.post/3ml35grqpks2p
joshuaerlich.bsky.social,bill-of-lefts.bsky.social,"They have created this entire mythology around Justice Jackson being stupid, where her stupidity is refusing to accept the ascendant conservative legal norms",2026-05-05T00:57:53.471Z,at://did:plc:7v33jhm3jle5ssn2u3ax2sxg/app.bsky.feed.post/3ml2y6rrjjc2d
joshuaerlich.bsky.social,bill-of-lefts.bsky.social,"I saw another tweet that called her an idiot because she‘s a purposivist. As if textualism were a *metaphysically correct* way to interpret the law, not merely a doctrine to be debated.",2026-05-05T00:58:47.626Z,at://did:plc:7v33jhm3jle5ssn2u3ax2sxg/app.bsky.feed.post/3ml2yafg5ck2d
joshuaerlich.bsky.social,adhaque.bsky.social,So much civility.,2026-05-05T02:27:20.923Z,at://did:plc:hhz6upbmwtgsneuii6hyxxvo/app.bsky.feed.post/3ml356ql3vs2a
joshuaerlich.bsky.social,antlervel.vet,Took an edible and I’m putting on SPEED RACER (2008),2026-05-05T01:23:36.709Z,at://did:plc:z4llsx425l4htoylyyx6iam3/app.bsky.feed.post/3ml2zmrjcx22p
joshuaerlich.bsky.social,antlervel.vet,I don’t want to be rude but this should have made two billion dollars,2026-05-05T01:44:47.147Z,at://did:plc:z4llsx425l4htoylyyx6iam3/app.bsky.feed.post/3ml32sn3z2k2p
joshuaerlich.bsky.social,the-greetest.bsky.social,"Come on, Disco Elysium was critically acclaimed. You're talking at least 25 people.",2026-05-05T01:59:52.723Z,at://did:plc:3jfmlrev5hux2gvkjowyzykn/app.bsky.feed.post/3ml33nmpzls2c
joshuaerlich.bsky.social,moodycomputer.bsky.social,bsky.app/profile/disc...,2026-05-04T23:33:30.540Z,at://did:plc:5c76xezwrqfp3u5z44wnrupy/app.bsky.feed.post/3ml2thvezzs25
joshuaerlich.bsky.social,missrobin.bsky.social,"Inland Empire: There she is, the most beautiful woman in the world. She must have been chiseled into form by the gods themselves. Or perhaps she is a God. Her very presence fills you with a sense of warmth and comfort.

Suggestion: Ask her if she's here to make fuck with you",2026-05-04T23:37:28.341Z,at://did:plc:xkafyuijtba47zximeuoqc6n/app.bsky.feed.post/3ml2toy66kc2m
joshuaerlich.bsky.social,anungunrob.bsky.social,Its giving Francis Ford Coppola's Dracula,2026-05-05T00:17:40.184Z,at://did:plc:f4oj5rz6spzhvkrtgswyqfz6/app.bsky.feed.post/3ml2vwubqys2i
joshuaerlich.bsky.social,emmaberquist.bsky.social,,2026-05-04T23:08:54.915Z,at://did:plc:j7qspxu4w4zrkqre6waecdyb/app.bsky.feed.post/3ml2s3w4lx22i
joshuaerlich.bsky.social,alyssashulman.bsky.social,,2026-05-04T23:05:56.083Z,at://did:plc:jeb5jkup437pejualygqjzhi/app.bsky.feed.post/3ml2rwll2ds2p
joshuaerlich.bsky.social,socialistdogmom.bsky.social,"one down, the rest of our lives to go 🥰",2026-05-04T23:05:49.395Z,at://did:plc:o7ngoraxszx2hcmqpr6i3men/app.bsky.feed.post/3ml2rwf6z2c27
joshuaerlich.bsky.social,alll.bsky.social,showstopper,2026-05-04T23:05:05.680Z,at://did:plc:567t5owd5d5ferp7uqrybgxn/app.bsky.feed.post/3ml2rv3iyl22b
joshuaerlich.bsky.social,vandroidhelsing.bsky.social,OOOOOOOOOOOOOOOOOOOOOH OKAY,2026-05-04T22:58:21.671Z,at://did:plc:aht75weh3zbaihskxuv4wkgv/app.bsky.feed.post/3ml2rj2d7rc22
joshuaerlich.bsky.social,vandroidhelsing.bsky.social,will you understand if I say this looks like a costume from a period piece made in 2009 called something like The Unfortunate Irrepressible Life of Master Henry,2026-05-04T22:37:14.527Z,at://did:plc:aht75weh3zbaihskxuv4wkgv/app.bsky.feed.post/3ml2qdbw4n222
joshuaerlich.bsky.social,bugsmaytrix.bsky.social,happy star wars day to this tweet in particular,2026-05-04T17:43:30.887Z,at://did:plc:pzsrpsyeeppu4jbadsab7wjp/app.bsky.feed.post/3ml27w2ku4k2k
cosmomomo.social,fishttp.website,i think thats how they find overgrown septic tanks,2026-05-05T23:51:56.832Z,at://did:plc:ve2dqdlibfnbp65pu6565kam/app.bsky.feed.post/3ml5exrv5cs2t
cosmomomo.social,neurosismancer.gay,legitimately if your god demands fear your god is an abusive parent and not worth of worship,2026-05-05T23:14:04.004Z,at://did:plc:5672olf6vb3u4j26ctwoqczh/app.bsky.feed.post/3ml5cu2dwps2i
cosmomomo.social,neurosismancer.gay,"on doing a little research it seems to be kinda both

streetwear fashion by a hardcore christian dude

unnerving",2026-05-05T23:13:30.738Z,at://did:plc:5672olf6vb3u4j26ctwoqczh/app.bsky.feed.post/3ml5ct2mqfc2i
cosmomomo.social,worldsbeyondnumber.bsky.social,this time it's bossa nova,2026-05-05T22:47:08.653Z,at://did:plc:x5f3wkhglph4wllhvso76p6z/app.bsky.feed.post/3ml5bdvtdj22f
cosmomomo.social,staticmax.bsky.social,,2026-05-05T22:50:02.108Z,at://did:plc:vt2iihswfztajz4xme6w4hiy/app.bsky.feed.post/3ml5bj3av2s2q
cosmomomo.social,methylphenidate.bsky.social,kinda annoyed at my friend rn and wishing i had more ppl i could talk to and trust,2026-05-05T23:04:17.935Z,at://did:plc:tjep63q2gz4oa4c3la4euq2u/app.bsky.feed.post/3ml5cclgkos2q
cosmomomo.social,methylphenidate.bsky.social,making friends is so hard,2026-05-05T23:04:17.936Z,at://did:plc:tjep63q2gz4oa4c3la4euq2u/app.bsky.feed.post/3ml5cclh7722q
cosmomomo.social,theuglymachine.bsky.social,Tragic: you met someone who runs a sawmill and will give you hemlock at $1.50/bd.ft.,2026-05-05T22:41:24.245Z,at://did:plc:3bebghh7fygmfwjo6udrye43/app.bsky.feed.post/3ml5azneukc2p
cosmomomo.social,hammancheez.bsky.social,Remember the last guy to testify doesn’t get the immunity,2026-05-05T22:12:23.331Z,at://did:plc:qzgy45vpvfpvbjsqhqjapghf/app.bsky.feed.post/3ml57fr4f7s2r
cosmomomo.social,kissane.myatproto.social,Heads up to Chrome users who prefer not to not allocate 4GB of their drives to Gemini Nano weights.,2026-05-05T21:59:02.968Z,at://did:plc:qrt5rykojeg5sbsajbu4zdke/app.bsky.feed.post/3ml56nvtcok2i
cosmomomo.social,cannibal.holiday,"AI-pushing companies are going to kill people in hospitals with this bloated, useless shit making medical networks even more vulnerable.",2026-05-05T21:51:01.977Z,at://did:plc:5wi4pdb43m5adilqz4dj3je4/app.bsky.feed.post/3ml567l4jy22d
cosmomomo.social,kiraculous.net,"of all the muted words that leave me half aware of shit going on, i never expected the one to be most useful would be ""stancil""",2026-05-05T21:26:10.144Z,at://did:plc:2osm6ol3lmsq3lbrhiyjfpu7/app.bsky.feed.post/3ml54t4fgs22b
cosmomomo.social,bradlander.bsky.social,"The two would pair well, if Congressional Democrats are bold & strategic. That will take some new Congressional Democrats. (2/2)",2026-05-05T21:12:17.503Z,at://did:plc:dxu25p5fmfrngmjr5iawpr4d/app.bsky.feed.post/3ml542cdgoc2x
cosmomomo.social,bradlander.bsky.social,"✅Yes to Supreme Court term limits, which will require a constitutional amendment.

✅Also, yes to expanding SCOTUS. No constitutional amendment needed for that. Congress has the power to do it. (1/2)",2026-05-05T21:12:17.502Z,at://did:plc:dxu25p5fmfrngmjr5iawpr4d/app.bsky.feed.post/3ml542cd6uc2x
cosmomomo.social,molly.wiki,"sometimes i see a crypto hacker where i'm like ""you know what they kinda earned that one""",2026-05-05T21:12:23.392Z,at://did:plc:exrxvyu6bpoym6mbnctke5tn/app.bsky.feed.post/3ml542hwxs226
cosmomomo.social,snowden.st,"Brad Lander stacking another political dub, ""Lander Effect"" potential becoming real.",2026-05-05T21:00:09.334Z,at://did:plc:jgmxlsqaj6inwjqx3eowix6i/app.bsky.feed.post/3ml53elvbcc2u
cosmomomo.social,snowden.st,"Not nearly as important as his courage and conviction, but: Brad Lander is putting on a master class of modern rhetoric these days, too. Shows you exactly why “find a way to be who you are, fuck the consultants” is good advice, especially for progressive candidates. It resonates so much better.",2025-07-02T04:56:30.679Z,at://did:plc:jgmxlsqaj6inwjqx3eowix6i/app.bsky.feed.post/3lsxget7pys2q
cosmomomo.social,clapifyoulikeme.favrd.social,This is amazing. Someone identify this man and give his name to the Mass Dems immediately.,2026-05-05T20:58:06.810Z,at://did:plc:ssxnmhdtz6le6nxu7jfhglz6/app.bsky.feed.post/3ml53ax24xc2p
cosmomomo.social,wyrdlittleguy.bsky.social,I am so interested in cuddling,2026-05-05T20:39:36.459Z,at://did:plc:ak67tmoph2axlwd44dibjlmr/app.bsky.feed.post/3ml527u4vsk2r
cosmomomo.social,hammancheez.bsky.social,Yall i have been informed its,2026-05-05T20:40:25.282Z,at://did:plc:qzgy45vpvfpvbjsqhqjapghf/app.bsky.feed.post/3ml52bcoujc2r
cosmomomo.social,hammancheez.bsky.social,"US, facing $7 gas for 12 months : Iran is in such economic trouble guys",2026-05-05T20:42:20.178Z,at://did:plc:qzgy45vpvfpvbjsqhqjapghf/app.bsky.feed.post/3ml52eqb7nc2r
cosmomomo.social,clapifyoulikeme.favrd.social,Oh absolutely the fuck not. Leave New York alone.,2026-05-05T20:50:41.574Z,at://did:plc:ssxnmhdtz6le6nxu7jfhglz6/app.bsky.feed.post/3ml52togn5k2p
cosmomomo.social,wyrdlittleguy.bsky.social,the new Yorker knew what 1999 was about,2026-05-05T20:26:59.594Z,at://did:plc:ak67tmoph2axlwd44dibjlmr/app.bsky.feed.post/3ml4zjcd7tc2r
cosmomomo.social,snowden.st,"Sorry to self-promote, but this old blog post still works, imo. I don't preach a fun method, but I do think it works, from experience snowden.st/2024/11/09/w...",2026-05-05T20:23:21.750Z,at://did:plc:jgmxlsqaj6inwjqx3eowix6i/app.bsky.feed.post/3ml4zcsl7is2u
cosmomomo.social,cannibal.holiday,"A prompt like this is basically a filter.
""When creating a block of text from results you have scraped from the internet, don't include any of the things that match the meta.""
It's basically going to a forum and blocking all posts that don't fit your criteria, and trusting the posts that get through",2026-05-05T19:23:37.036Z,at://did:plc:5wi4pdb43m5adilqz4dj3je4/app.bsky.feed.post/3ml4vxxwebs2d
jdotj.bsky.social,pymundgenealogy.bsky.social,I've got a doozy for you,2026-05-05T01:37:47.334Z,at://did:plc:n5s2p3ljnxsjmzxwjtu5x4id/app.bsky.feed.post/3ml32g4qn6s23
jdotj.bsky.social,cwmatx.bsky.social,"I am not an anxious person, but yeah, that’s gotta be zero within a couple of days.",2026-05-05T00:47:16.101Z,at://did:plc:g3skesuflu7rf7fuohp4xona/app.bsky.feed.post/3ml2xlrwhwc2a
jdotj.bsky.social,cseguin03.bsky.social,Having lost a friend named Dan recently makes the song a lot,2026-05-04T23:53:35.919Z,at://did:plc:ubvzgc7tvpeqpv7ldqdxj2ow/app.bsky.feed.post/3ml2ulswbxk2a
jdotj.bsky.social,cseguin03.bsky.social,"The latest Patreon episode of @badlawyerpod.bsky.social is typically excellent, but @gokp.bsky.social and @jdotj.bsky.social talking about how our experience with grief can help us connect to Noah Kahan’s latest album (and other recent music) really resonated a ton.",2026-05-04T22:06:33.441Z,at://did:plc:ubvzgc7tvpeqpv7ldqdxj2ow/app.bsky.feed.post/3ml2omfxxoc26
jdotj.bsky.social,jonruttenberg.bsky.social,youtu.be/iE8CJwXSPRs?...,2026-05-04T21:57:36.274Z,at://did:plc:jgixn4opsfpeoc4tfsc5a5jv/app.bsky.feed.post/3ml2o4fosmk2a
jdotj.bsky.social,badlawyerpod.bsky.social,Full video of this bonus ep is up on Patreon. The audio-only version will go out to your podcast apps later this week. ✌️,2026-05-04T21:28:34.289Z,at://did:plc:73ghnp6ftdhyqc4epr45sqzq/app.bsky.feed.post/3ml2miifmg22d
jdotj.bsky.social,royalpratt.bsky.social,We won the Pulitzer Prize for Local Reporting @chicagotribune.com! Our entire newsroom covered Midway Blitz with everything we had. I’ve never been prouder of the Tribune or its commitment to the truth. It’s an honor to be part of this team.,2026-05-04T19:13:53.457Z,at://did:plc:gx3pvpa3rsczyr5fs3lyiv2g/app.bsky.feed.post/3ml2exnwauk2x
jdotj.bsky.social,coachfinstock.bsky.social,"I read this too fast and saw ""podcast cannibalism"" and was like that is truly disrupting the space",2026-05-04T19:32:12.264Z,at://did:plc:izxpomdyri45gzhppiiyattq/app.bsky.feed.post/3ml2fyft6lc27
jdotj.bsky.social,kevinmkruse.bsky.social,"Once again getting a raft of ""I haven't experienced this myself, so I don't think this really happened to the person posting it"" replies.

Never change, Bluesky.",2026-05-04T19:28:53.395Z,at://did:plc:cnpe7qvcyjrhm6w7w7e4atur/app.bsky.feed.post/3ml2fsi65ls2m
jdotj.bsky.social,mourningstar.bsky.social,"Look, I don't delete texts (unless spam) but they must be marked read. But the notification dot cannot exist at all anywhere.",2026-05-04T18:58:20.109Z,at://did:plc:yxfbp7t3vrq5xyv7ot2l5jon/app.bsky.feed.post/3ml2e3tsob22m
jdotj.bsky.social,yooty.bsky.social,"But yeah, I have to keep a text box zero this is horrifying",2026-05-04T18:27:24.668Z,at://did:plc:gec5thcea3jir53dei5tx6af/app.bsky.feed.post/3ml2cekd45s2x
jdotj.bsky.social,yooty.bsky.social,200 are me just constantly spamming the GC with my stream of consciousness so sorry not sorry 😂,2026-05-04T18:25:48.919Z,at://did:plc:gec5thcea3jir53dei5tx6af/app.bsky.feed.post/3ml2cboz3bk2x
jdotj.bsky.social,gokp.bsky.social,😏,2026-05-04T18:17:19.900Z,at://did:plc:2voxu74oyu5gtm2xpoa6tyje/app.bsky.feed.post/3ml2bsjl2fs26
jdotj.bsky.social,peterorlowicz.bsky.social,Firmly Team JJ here.,2026-05-04T18:11:02.184Z,at://did:plc:o4ftebbdvqokkiqlhbprtfsk/app.bsky.feed.post/3ml2bhbe34s2a
jdotj.bsky.social,blaw.bsky.social,allowing messages to preview is more anxiety inducing than 407 unread messages,2026-05-04T18:06:16.012Z,at://did:plc:x42ty4fo74lx4crlzu4pn75c/app.bsky.feed.post/3ml2b6qgsbs2u
jdotj.bsky.social,blaw.bsky.social,,2026-05-04T18:05:10.090Z,at://did:plc:x42ty4fo74lx4crlzu4pn75c/app.bsky.feed.post/3ml2b4rkzdc2u
jdotj.bsky.social,gokp.bsky.social,407 is pretty good for me tbh,2026-05-04T17:59:29.854Z,at://did:plc:2voxu74oyu5gtm2xpoa6tyje/app.bsky.feed.post/3ml2asn3tmc2p
jdotj.bsky.social,gokp.bsky.social,Chaos demon life forever!,2026-05-04T17:54:38.201Z,at://did:plc:2voxu74oyu5gtm2xpoa6tyje/app.bsky.feed.post/3ml2ajwxca22y
jdotj.bsky.social,peark.es,"I really try to remain polite and even-handed on here but today I'm not successful, such is life.",2026-05-04T17:51:01.620Z,at://did:plc:pnx2fjuannbdpy3337ggthpp/app.bsky.feed.post/3ml2adifrds27
jdotj.bsky.social,peark.es,"This dumbass apparently not aware my company has five (5) people. If I don't write the code, nobody does.",2026-05-04T17:50:27.897Z,at://did:plc:pnx2fjuannbdpy3337ggthpp/app.bsky.feed.post/3ml2aciapns27
jdotj.bsky.social,wstafrican.bsky.social,🤣🤣🤣🤣🤣🤣🤣,2026-05-04T17:48:24.090Z,at://did:plc:65wc7hatlpfe6trj2zkullm5/app.bsky.feed.post/3ml2a6s6dhc2f
jdotj.bsky.social,blaw.bsky.social,everyone on notice now,2026-05-04T15:48:47.633Z,at://did:plc:x42ty4fo74lx4crlzu4pn75c/app.bsky.feed.post/3mkzziw6cmk2s
jdotj.bsky.social,masnick.com,"This is an incredible story, and highlights just how much damage a few fundamentally awful people can cause, helped along with enablers.",2026-05-04T17:18:47.040Z,at://did:plc:cak4klqoj3bqgk5rj6b4f5do/app.bsky.feed.post/3ml26jth42226
jdotj.bsky.social,jumbanho.bsky.social,,2026-05-04T16:03:35.788Z,at://did:plc:uzkmcdxlfenc33keauyr4mcc/app.bsky.feed.post/3ml22df6tds2i
jdotj.bsky.social,yooty.bsky.social,😂,2026-05-04T15:53:20.832Z,at://did:plc:gec5thcea3jir53dei5tx6af/app.bsky.feed.post/3mkzzr2pmks27
rvbdrm.com,saltzman.bsky.social,"Hey if your one of my many fellow California or especially Burbank buddies, please flood this dudes office with calls and emails about this it is beyond the pale",2026-05-04T16:30:49.904Z,at://did:plc:xa6z5xch663xwoqxfvdetqqm/app.bsky.feed.post/3ml23u3ltws2p
rvbdrm.com,noisefy.bsky.social,He should just move into a hospital,2026-05-04T09:56:55.752Z,at://did:plc:6ffnbft3pbxqdhaadbqotznx/app.bsky.feed.post/3mkzftqcse224
rvbdrm.com,mns71.bsky.social,"The same hospital? Same route to get there? 
He must be very familiar with the lay out of the place by now..
He, and anyone he might have shared this information with.",2026-05-04T10:46:11.134Z,at://did:plc:w2xytrvf2saa6z4rvzxcxyby/app.bsky.feed.post/3mkzilsrumc2w
rvbdrm.com,acerbicotter.bsky.social,"after 10 stays, he gets a free colonoscopy",2026-05-04T12:36:39.541Z,at://did:plc:levwf7vkqlubovve5j25ydjt/app.bsky.feed.post/3mkzore4sd22u
jenthetracy.bsky.social,pnutsmama.bsky.social,same as it always was,2026-05-04T14:57:04.386Z,at://did:plc:cohsnro2uub7ol542ee2qaig/app.bsky.feed.post/3mkzwmgonzc2m
jenthetracy.bsky.social,shanembailey.com,I really enjoyed this one.,2026-05-04T14:57:11.323Z,at://did:plc:ytx6dsiai4wyrusghgoj5jn2/app.bsky.feed.post/3mkzwmncegk2j
jenthetracy.bsky.social,kelora0.bsky.social,"It's fascinating how our emotional responses to AI often reflect our views on life and death. This indicates the depth of our attachment to technology, blurring lines between human and machine.",2026-05-04T09:00:25.942Z,at://did:plc:gmfobtwgnt4bohmykxx6nlq4/app.bsky.feed.post/3mkzcopmrh62h
cwonus.org,jpletzfeld.mastodon.social.ap.brid.gy,"The Bear

'Raubtier' #FotoVorschlag

#PletzfeldAnimals #photography #animals #AnimalPhotography #MonochromeMonday #monochrome #BlackAndWhite #BlackAndWhitePhotography #bw #bnw #darktable #mywork #myphoto",2026-05-04T13:32:53.000Z,at://did:plc:nfmty4crpkuidestdpwj46au/app.bsky.feed.post/3mkzrx5jtwqd2
cwonus.org,cyberpuritan.obviously.moe,"idk, you people are supposed to be telling us who is aware of these things, it isn't me",2026-05-04T13:26:05.308Z,at://did:plc:ge43iv5sow44urfxjlarmswc/app.bsky.feed.post/3mkzrjqiw3k2y
cwonus.org,elenacorinne.bsky.social,"No, it’s being caused by the incompetence and foolishness of many people surrounding him, propping him up, giving him a microphone, telling him what to do, and blithely carrying out his ridiculous demands.",2026-05-02T16:47:54.192Z,at://did:plc:q3xfgsarlftdnvxmv27eprym/app.bsky.feed.post/3mkv3urj6622x
cwonus.org,circe.nullspac.es,Dikebreaking,2026-05-04T13:13:44.589Z,at://did:plc:4gc3fyspn55ra6q37aaniyvx/app.bsky.feed.post/3mkzqto4xw22p
cwonus.org,rainy.pet,what does this mean 😭,2026-05-04T12:55:30.591Z,at://did:plc:tzrpqyerzt37pyj54hh52xrz/app.bsky.feed.post/3mkzpt2rpdk23
cwonus.org,rainy.pet,did i just see you post something a little nuanced? you know how we feel about that around here,2026-05-04T12:51:03.269Z,at://did:plc:tzrpqyerzt37pyj54hh52xrz/app.bsky.feed.post/3mkzpl3tpoc23
cwonus.org,troensridder.bsky.social,i have that book! still pending a read tho...,2026-05-04T12:27:53.012Z,at://did:plc:3l325zil4qmn3oayp7fstjox/app.bsky.feed.post/3mkzobnyfts2m
bbbimbotg.bsky.social,moonkist.bsky.social,"coffee stains on white tennis shoes is a thing, i guess",2026-05-04T19:43:05.618Z,at://did:plc:4s7rp3nardct7zx32fmy3ppl/app.bsky.feed.post/3ml2gluvvnc2o
bbbimbotg.bsky.social,marghoul.bsky.social,"Um, I'm not ""a transgender"" I'm ""the transgender"" honey. Maybe jot that down.",2026-05-04T19:48:44.408Z,at://did:plc:7wxviek4hy4b5wszd4q67rd2/app.bsky.feed.post/3ml2gvxyxas2d
bbbimbotg.bsky.social,davinafayette.bsky.social,I don’t know why they hate on me ✌️,2026-05-04T19:55:54.267Z,at://did:plc:44nnz2q5lg3e3a34b43etntw/app.bsky.feed.post/3ml2hcrx7gk23
bbbimbotg.bsky.social,missyfae.bsky.social,"The little trailer thing I uploaded to my chaterbate page. Was fun to cut together 😘💋 🖤 
(Music found DRM free)

✅ onlyfans.com/missy_fae
✅ chaterbate.com/missy_syl5
✅ cash.app/missy0fae

#trans #transgirl #goth #altgirl #anal #girlcock #titties #lush4 #lovense #chaterbate #cam #camgirl #onlyfans",2026-05-04T20:05:06.579Z,at://did:plc:pku36o2by45wnpcx6qy2bcve/app.bsky.feed.post/3ml2htaoil22y
bbbimbotg.bsky.social,tipsyeee.bsky.social,"I got tattoos to make my muscles look cooler, actually",2026-05-04T20:14:08.372Z,at://did:plc:wpzf5pjorg4hkw5oudf22q4z/app.bsky.feed.post/3ml2idfeod222
bbbimbotg.bsky.social,nellbdoodles.bsky.social,Spooky spooky 🥰🥰,2026-05-04T20:15:14.335Z,at://did:plc:3coditqj4r6ogcq3xvpebrx7/app.bsky.feed.post/3ml2ifebw5k2o
bbbimbotg.bsky.social,rileybabyboi.bsky.social,Ever sucked off a cheerleader before? 😏💕,2026-05-04T20:19:15.395Z,at://did:plc:hdmjhhzmou5muf5x5p5zbxjl/app.bsky.feed.post/3ml2imk6fes2v
bbbimbotg.bsky.social,coffinpixie.bsky.social,I love it 😭,2026-05-04T20:20:08.101Z,at://did:plc:za5ncxyk2ibuchixf72qqaiz/app.bsky.feed.post/3ml2io4gzws2y
bbbimbotg.bsky.social,mistressevexxx.bsky.social,Meow,2026-05-04T06:08:05.392Z,at://did:plc:tc7f25ps7cdlxhv3vd22v7lf/app.bsky.feed.post/3mkyz2jznjk2n
bbbimbotg.bsky.social,literallyjustadog.online,"pov, im ur sleep paralysis demon",2026-05-04T06:14:08.591Z,at://did:plc:wpp4lklhvmopw6zcy6qb42ru/app.bsky.feed.post/3mkyzfefyqk2j
bbbimbotg.bsky.social,leaftilde.bsky.social,"HEALTH AND HORNT VIBES

〰️〰️〰️",2026-05-04T07:27:47.612Z,at://did:plc:q4govg4z5u2lqtyno2pkj4zm/app.bsky.feed.post/3mkz5j2p7fs2s
jusdberube.bsky.social,crtpixel.bsky.social,"CASTLEVANIA II: SIMON'S QUEST
KONAMI 1987
NES",2026-05-04T23:07:51.303Z,at://did:plc:567pvhsfhwirlmuvpe4r5clh/app.bsky.feed.post/3ml2rzzhhqc2z
jusdberube.bsky.social,crtpixel.bsky.social,"BATMAN: RETURN OF THE JOKER
SUNSOFT 1991
NES",2026-05-04T23:08:38.616Z,at://did:plc:567pvhsfhwirlmuvpe4r5clh/app.bsky.feed.post/3ml2s3gl6xc2z
jusdberube.bsky.social,nron10.bsky.social,It’s always going to have the bittersweet taste because the blowback led to the third movie in the trilogy becoming a weird retcon to half of what happened in TLJ. It ultimately is what it is but it would have been cool to see an actual sequel to TLJ!,2026-05-04T22:57:45.234Z,at://did:plc:nrl2yixx5sfl457ly4itc224/app.bsky.feed.post/3ml2rhxhjmk2s
jusdberube.bsky.social,nron10.bsky.social,It’s been a while since I’ve seen The Last Jedi. Watching it with the kids tonight and like holy crap it’s so good. Hamill is excellent in it. It’s beautifully shot. It’s weird. It’s fun. It’s thrilling.,2026-05-04T22:46:52.077Z,at://did:plc:nrl2yixx5sfl457ly4itc224/app.bsky.feed.post/3ml2quikqyc2s
jusdberube.bsky.social,archive.org,"RIP Ask Jeeves. The natural-language search engine founded in 1996 was rebranded as Ask in 2006, and officially shut down May 1.

When websites close, the historical record can disappear with them. The #WaybackMachine preserves 30 years of web history: web.archive.org

#90s #90sNostalgia #WebHistory",2026-05-04T23:00:13.174Z,at://did:plc:73dpznbu4wqwtcyurwbiulov/app.bsky.feed.post/3ml2rmeld6o2i
jusdberube.bsky.social,gonintendo.com,"Pokémon Swing Collection keychain line expanding with 5 new options http://gonintendo.com/contents/60517-pokemon-swing-collection-keychain-line-expanding-with-5-new-options

#pokemon",2026-05-04T19:45:01+00:00,at://did:plc:axcdvkvt6iixa66e3kx3mrgj/app.bsky.feed.post/3ml2gpei52c24
jusdberube.bsky.social,dinosaurdracula.bsky.social,I have procured a sealed packet of Undercover Bears Oatmeal from 1990. Let us celebrate. 🐻🥣,2026-05-04T18:56:11.308Z,at://did:plc:6fuado43jiu73mwkxsc3qoyh/app.bsky.feed.post/3ml2dxyxzyc2l
jusdberube.bsky.social,gonintendo.com,"Miyamoto recalls hectic simultaneous development of Super Mario Bros. and Legend of Zelda, and co... http://gonintendo.com/contents/60507-miyamoto-recalls-hectic-simultaneous-development-of-super-mario-bros-and-legend-of

#mario #zelda",2026-05-04T18:10:01+00:00,at://did:plc:axcdvkvt6iixa66e3kx3mrgj/app.bsky.feed.post/3ml2bfihocu2k
jusdberube.bsky.social,luigiblood.bsky.social,We don't think about these renders very much in Mario Artist Paint Studio prototype build #N64 #MarioKart64 #64DD #MarioArtist,2026-05-04T17:07:45.107Z,at://did:plc:yxiitmraor6vordeoxbtiw5p/app.bsky.feed.post/3ml25w46l2c2o
jusdberube.bsky.social,davepozefsky.bsky.social,the internet archive is truly a magical place,2026-04-30T02:43:41.900Z,at://did:plc:63qn75xe6d4dz3ooh53ivkrc/app.bsky.feed.post/3mkolresfb224
jusdberube.bsky.social,foldablehuman.bsky.social,"Ryan Cohen gave an interview on CNBC where he looks high as balls, puts negative effort into trying to explain his plan for GameStop buying eBay, and just keeps repeating “half cash, half stock” when asked how he plans to make up a $16b shortfall in the math.

youtu.be/NxD-KGsvPI0?...",2026-05-04T15:20:04.723Z,at://did:plc:qfa6afnryk6ot6xf4i5ygqek/app.bsky.feed.post/3mkzxvl3ads26
jusdberube.bsky.social,jasonschreier.bsky.social,This interview with GameStop's CEO about his purported $56 billion offer to buy eBay feels like an elaborate prank or some kind of surrealist performance art www.youtube.com/watch?v=NxD-...,2026-05-04T15:51:41.577Z,at://did:plc:2mkgbhbhqvappkkorf2bzyrp/app.bsky.feed.post/3mkzzo42mtc2m
jusdberube.bsky.social,freedomreadproject.bsky.social,"Big news! An old favorite is coming back… Pizza Hut’s Book It Program!!

Help your kids stay motivated, track their progress, and earn free pizza along the way. 🍕

Be sure to download the app to make goals and track progress.

Books + Pizza = Win

#summerreading #bookit",2026-05-04T12:57:33.402Z,at://did:plc:wpyqwhfhwubmtj2ku35uzpp4/app.bsky.feed.post/3mkzpwpvmwk2b
jusdberube.bsky.social,discontinuedfoods.bsky.social,"Tintin Cereal (1966-circa 1974): A sweetened, puffed rice cereal from Quaker, promoting the ""Tintin"" comic/cartoon series, and released exclusively in Quebec, where the series had developed a passionate fandom among children a 🧵",2026-05-04T12:23:46.990Z,at://did:plc:xav3zyko74nb5mwr4cng6ngo/app.bsky.feed.post/3mkzo2degxl26
jusdberube.bsky.social,consumertc.bsky.social,"Happy May the 4th! In 1996, McDonald's considered a Star Wars Happy Meal for the first time, featuring McDonaldland characters with detachable costumes based on the movie. Here's concept art for The Hamburglar dressed as Yoda!",2026-05-04T13:05:02.834Z,at://did:plc:45s5274bcu52jxscdcf3jrd2/app.bsky.feed.post/3mkzqe4jccc2w
luxxsilverbeard.bsky.social,beachmilf53.bsky.social,"Monochrome 
Monday 
Moment🖤🤍",2026-05-04T20:16:37.594Z,at://did:plc:3jwixjkk5srluzmdh4kaio2b/app.bsky.feed.post/3ml2ihtosqk2h
luxxsilverbeard.bsky.social,ella90.bsky.social,2 has won. Thank you for the answers.,2026-05-04T20:30:44.153Z,at://did:plc:lpssttsij74gjxic6xy5ae6a/app.bsky.feed.post/3ml2jb2zhq22f
luxxsilverbeard.bsky.social,emo-porn.bsky.social,"➡️ Cheap Porn: flirtydeals.com

#gothstyle #fetish #sex #altgoth #pornstars #anus #ass #topless #NSFW #gooner #hotgirl #onlyfans #gothicmodel #skyhub #emo Alt Porn Emo Porn Goth Porn",2026-05-04T19:47:19.176299+00:00,at://did:plc:q2bvornhrcvznhvqk27rwgfj/app.bsky.feed.post/3ml2gtgsgd327
luxxsilverbeard.bsky.social,hakusu.bsky.social,🐶,2026-05-04T19:49:56.917Z,at://did:plc:2xqs34yi43z5r365hj7orftv/app.bsky.feed.post/3ml2gy55qt22h
luxxsilverbeard.bsky.social,zeusherashare.bsky.social,"May the 4th be with you! 🤓✌️

#monochromemonday #staygroovy",2026-05-04T19:54:45.083Z,at://did:plc:7zxtivzhzjouiekxy6w75kyr/app.bsky.feed.post/3ml2hapy5ps2g
luxxsilverbeard.bsky.social,girlonthenet.bsky.social,"“You know,” he murmurs, teasing the head of his solid prick against the entrance to my cunt, “someone told me recently how much they liked being teased before they got fucked.”

Shit. Yeah. OK. I did say that, didn’t I?

#ICYMI yesterday's blog. Hot hot hot unngh.",2026-05-04T19:56:50.512Z,at://did:plc:pznhxcvrmy6iuvgast2oktlu/app.bsky.feed.post/3ml2hehtidc2t
luxxsilverbeard.bsky.social,wonderfullust.bsky.social,Pull them to the side baby,2026-05-04T19:58:27.502Z,at://did:plc:5impuluvf7ppspk7z76k5csq/app.bsky.feed.post/3ml2hhe3kyc2e
luxxsilverbeard.bsky.social,bmoviesdcups.bsky.social,World Gone Wild (1987),2026-05-04T20:01:28.110Z,at://did:plc:vghzdpvgs64u6tyfk3osxs65/app.bsky.feed.post/3ml2hmqe6i224
luxxsilverbeard.bsky.social,gym-porn.bsky.social,"➡️ Cheap Porn: flirtydeals.com

#melons #porn #fitbody #pilatesbody #goon #babe #fitnessgirls #OF #erotica #anus #bodybuilding #goonsky #ass #NSFWpilates #activewear Gym Porn #Gym",2026-05-04T20:07:43.139660+00:00,at://did:plc:3hwdcko2xqgrj2sromkhwyvk/app.bsky.feed.post/3ml2hxw2kt62m
luxxsilverbeard.bsky.social,milf-porn.bsky.social,"This MILF knows how to play! → flirtydeals.com/brazzers 🩷

#uncensored #boobs #agingbackwards #soccermom #mommy #maturewoman #erotica #milfnextdoor #babe #silverqueen #realwomen #butthole #sensual #vagina #maturebeauty MILF Porn #MILF",2026-05-04T20:10:34.305842+00:00,at://did:plc:2gxxhjv6ioyatkjww3c7mrbk/app.bsky.feed.post/3ml2i4zbuna27
luxxsilverbeard.bsky.social,emo-porn.bsky.social,"➡️ Cheap Porn: flirtydeals.com

#vagina #sexygothgirls #fetish #darkbeauty #melons #pussy #hotgirl #porn #butthole #boobs #jugs #anus #sexygoth #gothgirl #alternativegirl Alt Porn Emo Porn Goth Porn",2026-05-04T20:17:19.569041+00:00,at://did:plc:q2bvornhrcvznhvqk27rwgfj/app.bsky.feed.post/3ml2ij3rech2e
luxxsilverbeard.bsky.social,ella90.bsky.social,I do remember about it 🫠,2026-05-04T20:21:25.107Z,at://did:plc:lpssttsij74gjxic6xy5ae6a/app.bsky.feed.post/3ml2iqfuqek2f
luxxsilverbeard.bsky.social,hotnet.bsky.social,pounding Eva,2026-05-04T20:20:47.900Z,at://did:plc:oig3psbx53afecw6s4fjqzzg/app.bsky.feed.post/3ml2ipcfbfs2r
luxxsilverbeard.bsky.social,solongandgoodnite.bsky.social,"No, I do not have a hucow fantasy.

No, you don't need to know why I know what a hucow is.",2026-05-04T20:08:49.996Z,at://did:plc:p7x2eg2wjcmblucrb5nbrvki/app.bsky.feed.post/3ml2hzvqlbs2i
luxxsilverbeard.bsky.social,solongandgoodnite.bsky.social,Not me wishing I was a cow 😭,2026-05-04T20:08:05.623Z,at://did:plc:p7x2eg2wjcmblucrb5nbrvki/app.bsky.feed.post/3ml2hylghas2i
luxxsilverbeard.bsky.social,ravenheart-666.bsky.social,May the 4th be with you ✨,2026-05-04T20:27:12.816Z,at://did:plc:msw6mc4446lbedanpdv2kzim/app.bsky.feed.post/3ml2j2ri4t225
luxxsilverbeard.bsky.social,channel4news.bsky.social,"Calls to boycott Met Gala over Jeff Bezos connection

www.channel4.com/news/calls-t...",2026-05-04T18:47:21.486Z,at://did:plc:572hutetu6rfcrof4jyzm6xi/app.bsky.feed.post/3ml2di7p3qc2p
luxxsilverbeard.bsky.social,forestfr1ends.bsky.social,,2026-05-04T19:16:41.520Z,at://did:plc:naaruemcpxlmwgbfq55llgo3/app.bsky.feed.post/3ml2f4o76ts2o
luxxsilverbeard.bsky.social,shewithcapitalv.bsky.social,I'm game. X,2026-05-04T19:17:22.543Z,at://did:plc:nu5xkdthhkesobdae6icde44/app.bsky.feed.post/3ml2f5vcyhk2t
luxxsilverbeard.bsky.social,juxtaposedwithyou.bsky.social,Shall we run away and not bother with work tomorrow?,2026-05-04T18:51:49.972Z,at://did:plc:vkytdmstevvgvnv3scexs7oq/app.bsky.feed.post/3ml2dq7qn3s2f
luxxsilverbeard.bsky.social,craftycow.bsky.social,Banksy excelled herself with her modelling this morning so I have a good choice of pics to sell this cat sofa.,2026-05-04T18:05:35.143Z,at://did:plc:pgpsnak23tcsi5qkp37z33u4/app.bsky.feed.post/3ml2b5jhsxk2a
luxxsilverbeard.bsky.social,lunabelle.bsky.social,"@chadbourn.bsky.social 
@ginny65.bsky.social 
@nachonachoman.net 

Book rec.

Lucky to get an ARC, it's out next week and it's flipping amazing. 

Almost impossible to describe where it sits - bit fantastical, bit Secret History but a whole lot of brilliant.

www.waterstones.com/book/solace-...",2026-05-02T15:52:35.422Z,at://did:plc:zgrr4ofg6awbycnu7cir46bs/app.bsky.feed.post/3mkuyruifs22v
luxxsilverbeard.bsky.social,lunabelle.bsky.social,"Wow, it's got a lovely vibe. 

Shame (for you) it was busy, but even with anxiety you go there so that's a huge win xx

Maybe you can go back when it might not be so busy to have a better look.  Did you manage to get anything - if not you definitely have to go back.",2026-05-04T19:27:27.930Z,at://did:plc:zgrr4ofg6awbycnu7cir46bs/app.bsky.feed.post/3ml2fpwnwpc2e
luxxsilverbeard.bsky.social,nachonachoman.net,Not there sadly. But I ended up at Waterstones and bought a horror book. X,2026-05-04T19:36:00.304Z,at://did:plc:f52munrcauabhtzghcilgyy3/app.bsky.feed.post/3ml2g77cew22f
luxxsilverbeard.bsky.social,mipha13.bsky.social,"Some of you might remember this one from last year. It would be a shame not to post it again in honor of this day, right?

(Monochrome, because it’s Monochrome Monday. And maybe it even counts as an early Titty Tuesday pic?)

MTFBWY!

CW: nipple",2026-05-04T19:36:59.737Z,at://did:plc:wpezwofr7oolqejhsdm5cf5j/app.bsky.feed.post/3ml2gaxyhp22d
dutmoth.bsky.social,sarahmillican.bsky.social,Very happy to report that I am now the sort of person who owns one of these. #lego,2026-05-04T16:44:28.478Z,at://did:plc:2bn7ssxkp74wf5hfpxtvumdz/app.bsky.feed.post/3ml24miavik2j
dutmoth.bsky.social,cliffchapman.bsky.social,"Horrendous.

Where?",2026-05-04T16:30:52.208Z,at://did:plc:eldnerjubllbun5cvq6amfxd/app.bsky.feed.post/3ml23u5sdsc2y
dutmoth.bsky.social,o10tam.bsky.social,,2026-05-04T13:03:44.796Z,at://did:plc:sfxwgdfz7fa4jo5rzsecdvwp/app.bsky.feed.post/3mkzqbs3of227
dutmoth.bsky.social,stevepeers.bsky.social,Huge if true,2026-05-04T14:31:21.543Z,at://did:plc:oazod3zfweyhy4cmyoa4yxqv/app.bsky.feed.post/3mkzv6hctfk24
dutmoth.bsky.social,chubbybannister.bsky.social,A lovely afternoon of probate life admin,2026-05-04T14:22:44.818Z,at://did:plc:iujrrbxtb2dpt4cc5szvj7x4/app.bsky.feed.post/3mkzup2jn5c2i
dutmoth.bsky.social,adamroberts.bsky.social,"*Austin Powers voice*
Oh be-hive!",2026-05-04T13:48:10.768Z,at://did:plc:ulkx4memujdk522qvscab5ho/app.bsky.feed.post/3mkzsrakzfs2z
dutmoth.bsky.social,vonhitchofen.bsky.social,"Wise move, SKS. Stay there",2026-05-04T14:02:50.891Z,at://did:plc:pllbcbt7vohftfakoejhuke7/app.bsky.feed.post/3mkztlhw2o225
dutmoth.bsky.social,pulpthorn.bsky.social,Southbound again.,2026-05-04T14:03:26.797Z,at://did:plc:zrf6a2cizk4exzugdqwaqlsr/app.bsky.feed.post/3mkztmk5u3s2b
dutmoth.bsky.social,jowolff.bsky.social,"May the tired old cliche be with you. (No, never see the movie.)",2026-05-04T14:13:09.858Z,at://did:plc:givg3amslsq46o3f25ga5esh/app.bsky.feed.post/3mkzu5w7bqk2r
valarie.bsky.social,acjaggard.bsky.social,Breaking news: Media intended for a specific frame to be available in said frame,2026-05-04T17:44:03.551Z,at://did:plc:iutcneqf24vxdffuhm23ioqd/app.bsky.feed.post/3ml27wzpes22h
valarie.bsky.social,kphbritt.bsky.social,"My late husband planted these white tulips when we moved into this house 27 years ago.
They are my favorite flower. 
This patch was once crammed full of these lovely stems. 
Over the years this is all that’s left.

But, still they come every Spring to tell me that he loves me.",2026-05-04T17:25:12.977Z,at://did:plc:z6ejouokkakwccw4l4qt5ves/app.bsky.feed.post/3ml26vdizls27
valarie.bsky.social,anandimish.bsky.social,"And yet they lived content, amiable lives ツ",2026-05-04T16:49:03.588Z,at://did:plc:wpbpvnaqap6vgjk66vwd3iex/app.bsky.feed.post/3ml24uomhp22u
valarie.bsky.social,thehemicane.bsky.social,Rocked a Star Wars shirt to my salon app which is moot bc I’m the only one under 70 that goes there on a Monday morning. My hair sorceress appreciated it tho,2026-05-04T16:32:36.779Z,at://did:plc:uwi67ksxdi5j2doflyri2z3y/app.bsky.feed.post/3ml23xbjg2k2n
valarie.bsky.social,grantrintoul.bsky.social,"Enjoyed seeing more, and more varied, work by one of my favourite artists, Joan Eardley, at the Gallery of Modern Art today.",2026-05-04T16:05:40.195Z,at://did:plc:j2ac64adjoeqz4cy4dxrhlck/app.bsky.feed.post/3ml22h3thjs2n
valarie.bsky.social,michaelhobbes.bsky.social,"TIL the infamous ""inkblot test"" always uses the same 10 inkblots",2026-05-04T15:26:17.218Z,at://did:plc:j76trmiofvaxxpvx2vnb2vwf/app.bsky.feed.post/3mkzyaocxwc2e
valarie.bsky.social,seebee10.bsky.social,,2026-05-04T15:41:37.814Z,at://did:plc:ppg63qnavp46plsegqlva7o5/app.bsky.feed.post/3mkzz44begk25
valarie.bsky.social,dillo.media,just learned about beekeeping dogs who sniff out bad larvae 🥹,2024-07-24T01:55:58.543Z,at://did:plc:yr6tximkbhfbrzmk3s6az3fe/app.bsky.feed.post/3kxyme7z7nk2j
valarie.bsky.social,tobytram.bsky.social,The village has put a new lock on this gate that stands alone.,2026-05-04T15:20:17.344Z,at://did:plc:3csvzoz4k6npddqwdyp7zbgu/app.bsky.feed.post/3mkzxvx4mes2c
valarie.bsky.social,oddthisday.bsky.social,I maintain that this is not teatime. Negotiations intensify,2026-05-04T14:30:48.080Z,at://did:plc:vckf3haopb3yncclmf7o2m3f/app.bsky.feed.post/3mkzv5hfrl22z
valarie.bsky.social,mariephillips.bsky.social,"Just watched yet another show of which the premise is ""what if [repellant male behaviour] only it's a woman""? Written and directed by men of course. Yes, what if patriarchy didn't exist, and women behaved exactly the way men do, and you never had to examine your own fantasies? What if that?",2026-05-04T14:03:52.521Z,at://did:plc:mmjtwwcezi7calrmttlw4xqh/app.bsky.feed.post/3mkztncooe226
valarie.bsky.social,andrewmale.bsky.social,There is no end to the horrors of Australian fauna. “Venomous processionary caterpillars” isn’t even the most terrifying triumvirate of words in this article.,2026-05-04T12:56:14.844Z,at://did:plc:pzrrpdporfdlinmlcqstyqpb/app.bsky.feed.post/3mkzpueyb4c22
valarie.bsky.social,sanctorium.bsky.social,"The moment was all; the moment was enough.

Virginia Woolf, The Waves",2026-05-04T12:03:23.263Z,at://did:plc:zconh7ajt2rxwyh6ow3ealj6/app.bsky.feed.post/3mkzmvuda3k2v
valarie.bsky.social,staggerlee42.bsky.social,"This ❤️❤️❤️❤️❤️❤️❤️
It distils lived experience so beautifully and is my favourite book by Woolf.",2026-05-04T12:44:40.184Z,at://did:plc:4luwxl2s7nlirxesrmrmmp56/app.bsky.feed.post/3mkzp7oiva223
valarie.bsky.social,godysseypodcast.com,"The Navajo's old Black God was slowly making the lights in the night's sky. Coyote became impatient, throwing the bag of stars, making the Milky Way. Black God did not illuminate them all: some stars are bright, some dim, and some sections of night have no stars. #MythologyMonday",2026-05-04T12:11:12.761Z,at://did:plc:vwsmrnnbuh3azpsvqmhgeslr/app.bsky.feed.post/3mkzndu36a22c
valarie.bsky.social,andrewlhipp.bsky.social,Listen for the black-throated green!,2026-05-04T12:09:36.555Z,at://did:plc:ln2nxy65snp4j2aefjhm7q7n/app.bsky.feed.post/3mkznayd72k2a
valarie.bsky.social,andrewlhipp.bsky.social,"Three new birds in the neighborhood this morning. Carolina Wren, black throated green warbler, chipping Sparrow. Downers Grove this morning.",2026-05-04T11:56:21.505Z,at://did:plc:ln2nxy65snp4j2aefjhm7q7n/app.bsky.feed.post/3mkzmjc47zc2v
valarie.bsky.social,andrewmale.bsky.social,I’m meant to be working so naturally I’m looking through the 1932 Broadcasting House souvenir book and looking for haunted/liminal spaces.,2026-05-04T11:04:05.071Z,at://did:plc:pzrrpdporfdlinmlcqstyqpb/app.bsky.feed.post/3mkzjlsywek23
valarie.bsky.social,xrayeyes.bsky.social,"Birra!

Marcello Mastroianni in 8½, Federico Fellini (1963)",2026-05-04T12:02:11.831Z,at://did:plc:stirtcvyguliezsbzcmamqhd/app.bsky.feed.post/3mkzmtq7cbk2b
valarie.bsky.social,tobytram.bsky.social,"Star Wars - just gonna say that the beautiful audio filter on “we’re passing through the magnetic field” is possibly responsible for a lifelong interest in electronic music. The whole trench run, how we cut from clean to distorted pilot chatter, is extraordinary. What a strange brew this film is.",2026-05-04T11:48:53.359Z,at://did:plc:3csvzoz4k6npddqwdyp7zbgu/app.bsky.feed.post/3mkzm3wpuhk2b
valarie.bsky.social,farsouthproject.bsky.social,"In the library today, I took an hour or so off from writing to explore some Francis Bacon painting images. Thinking of drawing on them for Butoh inspiration.",2026-05-04T11:40:58.220Z,at://did:plc:wu6zjsy75du2u2jipy6p2sb4/app.bsky.feed.post/3mkzlnrmb5s24
valarie.bsky.social,seanjcostello.bsky.social,"With immense labour and immense patience they extricated from the long day the grain of pleasure: this sun, this music, the rattle of the miniature cars, the ghost train diving between the grinning skeletons under the Aquarium promenade, the sticks of Brighton rock, the paper sailors’ caps. #Holiday",2026-05-04T10:50:38.385Z,at://did:plc:6omnwdzw6h5ybmpdd2mde2nc/app.bsky.feed.post/3mkzitroo6s2m
valarie.bsky.social,seanjcostello.bsky.social,Something for the weekend,2026-05-04T09:06:18.057Z,at://did:plc:6omnwdzw6h5ybmpdd2mde2nc/app.bsky.feed.post/3mkzcz7doe22m
baust528.bsky.social,ogre-run.bsky.social,"Bonus Post: While YU-NO is widely considered a masterpiece, what of Hiroyuki Kanno’s earlier games? Here, I translate two reviews of Kanno’s directorial debut, Desire, revealing how Kanno’s style was received within the wider context of eroge. 

Free to read: www.patreon.com/collection/2...",2026-05-04T00:14:52.170Z,at://did:plc:45w67ihm447u4yehauvpdeii/app.bsky.feed.post/3mkyfcwlnsk2z
baust528.bsky.social,bowloflentils.bsky.social,"Last night I finished playing Shinsetsu Mahou Shoujo, a freeware SRPG visual novel. The characters' skimpy outfits make it difficult to recommend, but this game charmed the heck out of me. It had the vibes of a surprisingly good web comic discovered on someone's personal website from the 2000s.",2026-05-04T12:42:29.656Z,at://did:plc:kcpmnuzppn4wgragsvmsgifk/app.bsky.feed.post/3mkzp3rzii22b
untidymusic.com,cheercaptain.wang,Every genre flick has a title like this now. I’m calling it Giallo by way of Fall Out Boy song titles.,2026-05-04T13:46:20.989Z,at://did:plc:huirvlbebto2nxduzf2euhit/app.bsky.feed.post/3mkzsnxuimc2k
untidymusic.com,iheartnoise.bandcamp.com,"Dig into IHN archives

band.codes/ihn/ihndigs0...",2026-05-04T12:44:18.034Z,at://did:plc:ykwur7rcw2nofxhwacigulyq/app.bsky.feed.post/3mkzp6zevfc2k
richardthesod.bsky.social,slurmsmackenzie.bsky.social,Paul W S Anderson > Paul T Anderson,2026-05-04T19:09:47.697Z,at://did:plc:kyoyauvzgyj76migrbcgupeg/app.bsky.feed.post/3ml2eqdk6w22e
richardthesod.bsky.social,jimmywim.bsky.social,Don't forget Nextdoor. An absolute cesspool. Way worse than Facebook.,2026-05-04T10:29:15.178Z,at://did:plc:lcoruot6k3hir44en3v3jhtf/app.bsky.feed.post/3mkzhnjve3c2x
