uri,category
at://did:plc:nx2svqt5sdm2xmkbxcgmpzis/app.bsky.feed.post/3mmz3c7yapc2a,opinion
at://did:plc:h2go4atbpgzfv6e3ua5carux/app.bsky.feed.post/3mmz36cad3c2y,neither
at://did:plc:4x2n25hyaykkxz37qchwmhqc/app.bsky.feed.post/3mmz2aeto6r24,news
at://did:plc:cukyh664zwfwfsi2qo7otdkl/app.bsky.feed.post/3mmz27msygy2j,opinion
at://did:plc:lwrk7fcbscw66bwoqazsbud3/app.bsky.feed.post/3mmyzybceis2i,news
at://did:plc:vdvqgvmivyud2qhpiyq6izdh/app.bsky.feed.post/3mmyzsiev4s2l,opinion
at://did:plc:pmgkr2vi3ci2a7hlt32762hs/app.bsky.feed.post/3mmyza7kpmc2n,opinion
at://did:plc:r4jv6ovwzxhfx7xfwelz7dwa/app.bsky.feed.post/3mmyyn5ubms23,opinion
at://did:plc:jljrsmoxxtz37q66g2chzv6z/app.bsky.feed.post/3mmyyekgasc2g,opinion
at://did:plc:hsd6gnddmn62f5d2r3jzqsry/app.bsky.feed.post/3mmyxt4eqek2j,opinion
at://did:plc:z47enkw4ua4fsyq62vlhcqxw/app.bsky.feed.post/3mmyxdn2di22d,opinion
at://did:plc:z47enkw4ua4fsyq62vlhcqxw/app.bsky.feed.post/3mmyxbidh7s2d,opinion
at://did:plc:5edutbcjbvtmshgnlm3dqnsn/app.bsky.feed.post/3mmyx5fybok24,opinion
at://did:plc:3xepiia4o2vi72cspauocraa/app.bsky.feed.post/3mmyx2hfjac2t,opinion
at://did:plc:7adattnzwycnqd4li53vqg4x/app.bsky.feed.post/3mmywmxadzs2d,opinion
at://did:plc:2uivt62xkkz55tyiulxzb3ch/app.bsky.feed.post/3mmywm6jqa22l,opinion
at://did:plc:fgx2meacgtgvjoudmc2uzlqm/app.bsky.feed.post/3mmywi42zgk2q,opinion
at://did:plc:cusaw5uta6s5lnonfv77fqph/app.bsky.feed.post/3mmywascekc25,opinion
at://did:plc:65lajs2naecrkmwgazzgz62u/app.bsky.feed.post/3mmyw4cyz422g,opinion
at://did:plc:4fd463xn7xbvgswz7wolvjt4/app.bsky.feed.post/3mmyvsra3w22w,opinion
at://did:plc:lgaygody2ykq5iwninfxyzre/app.bsky.feed.post/3mmyvn5bgl22s,opinion
at://did:plc:wrqrpjtklqskyd5z6f2cqy5u/app.bsky.feed.post/3mmyvg7teo22d,opinion
at://did:plc:ha75md7pravn2bz6tzfggbqt/app.bsky.feed.post/3mmyukalfcs2v,neither
at://did:plc:5uju5s27ns2gdbizm7ypozfc/app.bsky.feed.post/3mmyu2t6j6c2t,opinion
at://did:plc:4xqt7t2zph634drigtdxdmro/app.bsky.feed.post/3mmyttglzcs2r,opinion
at://did:plc:2mow7kzge7glgb2jljb2ypfn/app.bsky.feed.post/3mmytk433xc2c,opinion
at://did:plc:rxlrgdzlxnwg7fdixe4rcmuc/app.bsky.feed.post/3mmytefznvc2l,news
at://did:plc:rwdnojpotckuwmo3tzxb4lbh/app.bsky.feed.post/3mmytdnjj4k2v,opinion
at://did:plc:cjxgy42vdiklh35qxyeojmaj/app.bsky.feed.post/3mmyrvgpho52x,opinion
at://did:plc:lq4cbzfizpp7txlmh25gbefw/app.bsky.feed.post/3mmyrnzdae22u,neither
at://did:plc:fxc25wsnpboh3sheoooftwco/app.bsky.feed.post/3mmyrie6ztk2k,opinion
at://did:plc:6aw4p4tkwc5qf4mvzlwz7p5j/app.bsky.feed.post/3mmyr6ca5hc2c,opinion
at://did:plc:gnwfqzjapwrey5mj53c6isth/app.bsky.feed.post/3mmyquisedc2p,opinion
at://did:plc:dfpywa25tz3fkcrm2yb2aq4h/app.bsky.feed.post/3mmyoxv7sh22y,opinion
at://did:plc:b4z45k7trqcss6bjpih2azie/app.bsky.feed.post/3mmyoijxzak23,opinion
at://did:plc:hlwnuzbnl6pqsyrlxzut65iz/app.bsky.feed.post/3mmyntws3f22v,opinion
at://did:plc:vg6xcxg4hafkdr5jbb6cizx5/app.bsky.feed.post/3mmyn4krok22n,opinion
at://did:plc:ll52la5ic5u5n2oivmwol4b5/app.bsky.feed.post/3mmyml7ketc2y,opinion
at://did:plc:b4z45k7trqcss6bjpih2azie/app.bsky.feed.post/3mmymf26yzs23,opinion
at://did:plc:ftxb44r3bzx4afmr2odn3t6k/app.bsky.feed.post/3mmym7jgl6c22,opinion
at://did:plc:d2vt42xj542m2cxu5upgvzgk/app.bsky.feed.post/3mmym6bujis2x,opinion
at://did:plc:b4ds3ci5jworfo6r5rvcvszm/app.bsky.feed.post/3mmylkj3plk2h,opinion
at://did:plc:cv5lew66vhcxhvzvwky7v6gp/app.bsky.feed.post/3mmyljdoxos2p,opinion
at://did:plc:csqioavhmhk3sv63hnp6qeqg/app.bsky.feed.post/3mmylgyvrns2d,opinion
at://did:plc:xxinpiwria5b3pmwzyjamd42/app.bsky.feed.post/3mmyklg62vk2w,opinion
at://did:plc:kmdd6wiblotah6trcbeaukjh/app.bsky.feed.post/3mmyjhsw3422g,opinion
at://did:plc:7uqsdwqtah4rzhqktv4gq2bt/app.bsky.feed.post/3mmz7sszcqc2i,neither
at://did:plc:qlekkifqfvr7wyisf22h55tz/app.bsky.feed.post/3mmz65w2rsq2w,news
at://did:plc:6unyw3meoudvzayenwsqq2id/app.bsky.feed.post/3mmz54vwajc2v,neither
at://did:plc:zoynfijwbhjx4fjdul5v4a46/app.bsky.feed.post/3mmz4ukng3k25,opinion
at://did:plc:raablndljezj7zgfu4asaq4e/app.bsky.feed.post/3mmz3svb2wc2r,news
at://did:plc:ndx5fdygwnreep5f4k7a5ixg/app.bsky.feed.post/3mmz3onxynk2m,opinion
at://did:plc:sjkjr6xfa5cwb5pjvqvjelpy/app.bsky.feed.post/3mmz2ft3skk27,neither
at://did:plc:nlwlryolbglj4so5vu53xghx/app.bsky.feed.post/3mmyzecwzr42q,opinion
at://did:plc:2nzlmhgp2y57hthyuzzkfmpz/app.bsky.feed.post/3mmyzbecasc2t,neither
at://did:plc:b54v6eyytayw4olor2qbgpmz/app.bsky.feed.post/3mmyyjzwjis22,opinion
at://did:plc:7t2nlnnsowc7y6xft4ijo4sg/app.bsky.feed.post/3mmyx6qauz225,opinion
at://did:plc:teejnhudp247teadhpfobfng/app.bsky.feed.post/3mmywugrqys2l,opinion
at://did:plc:shl6npg6fy34ggf46mvice2n/app.bsky.feed.post/3mmyvszqthc2g,neither
at://did:plc:y3wyn2keqln5hdywt7btznbj/app.bsky.feed.post/3mmyvayj2rk2f,news
at://did:plc:vmuvu34srhl2pmavc3ga6olb/app.bsky.feed.post/3mmyuejqdw22o,opinion
at://did:plc:fkpayy2qbpabsvkmsioihqax/app.bsky.feed.post/3mmytztxhh22h,neither
at://did:plc:ek4jrl6m2vc4jl7ajjg233fk/app.bsky.feed.post/3mmytrxjjfi2q,opinion
at://did:plc:sk5x3em52wjmysdvmev42yc3/app.bsky.feed.post/3mmytozyc422z,neither
at://did:plc:zhe7gepsb2hkfdcbshrugltg/app.bsky.feed.post/3mmysmt2oyi2e,opinion
at://did:plc:i5gmnybq64snuv2wbmpqqgsr/app.bsky.feed.post/3mmysguvqa22y,opinion
at://did:plc:vxzqeu2zbp4bviwvmqbixlps/app.bsky.feed.post/3mmyn4eucji2r,news
at://did:plc:kud5uvk2ijrmk4nmu66rfkw5/app.bsky.feed.post/3mmylql3ust2z,opinion
at://did:plc:3dut2wtzluilhf52vopvhkkm/app.bsky.feed.post/3mmyk4detvk2e,opinion
at://did:plc:kqly7rhh6lx3kzencn3if2pz/app.bsky.feed.post/3mmyjidzln22z,news
at://did:plc:pazbpjv5k63ddhfnrujm3frc/app.bsky.feed.post/3mmyjfmbjb32o,news
at://did:plc:j2jgv6hvhj3ooej6gcpnrbye/app.bsky.feed.post/3mmyf6sg6kv2a,news
at://did:plc:kpizethajzhstpt5qi3mwskr/app.bsky.feed.post/3mmye7ebscs2q,neither
at://did:plc:g7c37jv2v2aii2b2j7fhost7/app.bsky.feed.post/3mmye3q5qas2v,neither
at://did:plc:gi3tnijmq4mae32wssrkqquh/app.bsky.feed.post/3mmydtdsuxc2z,opinion
at://did:plc:rskzylzv3jk7xxvpxgtqvcfv/app.bsky.feed.post/3mmycg7agyg2v,news
at://did:plc:ohgy2fg7tx37he7nxvtf6c73/app.bsky.feed.post/3mmy7avb7ns2v,opinion
at://did:plc:2v2fa4i42pyc75i6trtdtshu/app.bsky.feed.post/3mmy6zklsus2e,opinion
at://did:plc:yczfi2wjvzndyczoeooddtq6/app.bsky.feed.post/3mmxthnnqj22m,neither
at://did:plc:2xrkpkfer6tj3q47msdzj53p/app.bsky.feed.post/3mmxrj7atbk22,opinion
at://did:plc:sjkjr6xfa5cwb5pjvqvjelpy/app.bsky.feed.post/3mmxr6vw3zc2p,neither
at://did:plc:h2ktnbihbuefxdsdnpjg72z2/app.bsky.feed.post/3mmxpea3sek2j,opinion
at://did:plc:7ltu4gdc2ebbsd7pm6tycf2e/app.bsky.feed.post/3mmxo6e5l4k2m,opinion
at://did:plc:oqccgcwnckvihxtkfe5ldyph/app.bsky.feed.post/3mmxnygmg5s2q,neither
at://did:plc:sffgmfwsoyfiwy3wwz43775m/app.bsky.feed.post/3mmxnkkihy22r,news
at://did:plc:fwqplt2wznpduywszl433y7k/app.bsky.feed.post/3mmxlu42h3s2y,opinion
at://did:plc:qi343rjbfwg5hpbmpw4ak7fc/app.bsky.feed.post/3mmxkoyuggk2h,opinion
at://did:plc:xuemqxr2ddetamkekhpst3wg/app.bsky.feed.post/3mmxkgxkk2k2s,news
at://did:plc:jo2h2huvqqkdrscijw2bbni2/app.bsky.feed.post/3mmxkavy3fk2g,neither
at://did:plc:zbpdmlnpf2dxmjqzn7awfqe4/app.bsky.feed.post/3mmxjsjrjfk2q,opinion
at://did:plc:tbaycr3xjlfplnwv5rmi7wiy/app.bsky.feed.post/3mmxgdoali223,opinion
at://did:plc:w5faqecorvfotneoef2a4uvj/app.bsky.feed.post/3mmxeokfc2s2q,neither
at://did:plc:hvldswx3gq6ijpshquxoncbg/app.bsky.feed.post/3mmxdtjj4ek2s,opinion
at://did:plc:dh3zppmzjohqyo2qblcphp6k/app.bsky.feed.post/3mmxcecdmw22s,opinion
at://did:plc:ln6ixpna4wvqsz3lxlt3sgy7/app.bsky.feed.post/3mmxc7al5hc23,opinion
at://did:plc:el3v52tqg4blgchxizx4wsju/app.bsky.feed.post/3mmxbzgztd72f,opinion
at://did:plc:j75ohwp36dmamlcgaj3l6tjm/app.bsky.feed.post/3mmx6qd57f22g,opinion
at://did:plc:4uq2gk2b7nlmrbnvj262cmib/app.bsky.feed.post/3mmx646fngc2u,neither
at://did:plc:ebovc3hnxjadg5cuul6geibu/app.bsky.feed.post/3mmx2jawzm22l,news
at://did:plc:7t2nlnnsowc7y6xft4ijo4sg/app.bsky.feed.post/3mmx2isnhyw2n,opinion
at://did:plc:5clan7z4wsuvaffihedjv6fu/app.bsky.feed.post/3mmx22xj4jc2w,neither
at://did:plc:ndiridku6fjpliymq4pi3ag5/app.bsky.feed.post/3mmwzwdu4ql2o,news
at://did:plc:bpxsg2x54bjfegnzklqoiicp/app.bsky.feed.post/3mmwzi7jphd2c,news
at://did:plc:ddudzmay2wvdrojclaipzqwa/app.bsky.feed.post/3mmyy6bom5s2o,neither
at://did:plc:ijqklhh7lctbjswe5mh3lbz3/app.bsky.feed.post/3mmyxnszhes22,opinion
at://did:plc:rtxk47jyq2j5mae7ud7kl3fr/app.bsky.feed.post/3mmywpnocrk2f,opinion
at://did:plc:z47enkw4ua4fsyq62vlhcqxw/app.bsky.feed.post/3mmywa32rms2d,opinion
at://did:plc:luj5rs7vt77ovxbuzmsw5bk5/app.bsky.feed.post/3mmyuwlinvc2f,opinion
at://did:plc:k7q46pry7inack4vs2q45t4p/app.bsky.feed.post/3mmyug7w3fs2z,opinion
at://did:plc:rj7zv7h367rk4vj7liwsqbrv/app.bsky.feed.post/3mmynmh26fs2x,opinion
at://did:plc:d3maybpqhbyox6743zcq6swo/app.bsky.feed.post/3mmymrbfnpk2k,opinion
at://did:plc:nm5rp6ilbkq6xheb32dhg2w6/app.bsky.feed.post/3mmyl4cr2he2k,news
at://did:plc:brk4hddiyzyfoy7ewjnmml75/app.bsky.feed.post/3mmyl47t6gb2m,news
at://did:plc:e6j262mqqmh7gykrfttywuii/app.bsky.feed.post/3mmykrem2pk27,opinion
at://did:plc:5swp5lmvmmgem6cuoupeqqcf/app.bsky.feed.post/3mmykavjvw22d,opinion
at://did:plc:tepqloq52nfjl3j6lwzxl4oz/app.bsky.feed.post/3mmyk3r7dis2t,opinion
at://did:plc:to66iawvah3w4vtgnlcrzgm4/app.bsky.feed.post/3mmyjfirn522n,opinion
at://did:plc:u6fmdnx3zafb62wuefzhcmgc/app.bsky.feed.post/3mmyiiko75k22,opinion
at://did:plc:672dbym5t2u4skt3nr4px53v/app.bsky.feed.post/3mmyfsslbwk2p,opinion
at://did:plc:672dbym5t2u4skt3nr4px53v/app.bsky.feed.post/3mmyf6befnk2p,opinion
at://did:plc:bzz2awlzwre7w72uqpmnehuo/app.bsky.feed.post/3mmyeonqcj226,opinion
at://did:plc:bzz2awlzwre7w72uqpmnehuo/app.bsky.feed.post/3mmyejbjoo226,opinion
at://did:plc:tepqloq52nfjl3j6lwzxl4oz/app.bsky.feed.post/3mmyeeiyigc2w,opinion
at://did:plc:onosb7hressea4vw5yyiajsk/app.bsky.feed.post/3mmxwodeqok2f,opinion
at://did:plc:jtr624fwsbthchl7jllspsnj/app.bsky.feed.post/3mmxrmjihec2m,neither
at://did:plc:h4p22gecby7ovfvedqkuhaud/app.bsky.feed.post/3mmxqykvyzc2t,opinion
at://did:plc:tvykhhrcwuuyggiswnfae7yl/app.bsky.feed.post/3mmxkxdxhcs2h,opinion
at://did:plc:67g57bjh3i4bcfnzwwzuyuqp/app.bsky.feed.post/3mmxkuqwjtc2v,opinion
at://did:plc:iwph7lvihzselxoahyepgtnp/app.bsky.feed.post/3mmxi4qqdm224,opinion
at://did:plc:qrsogso5aw2o6y6meie4pspk/app.bsky.feed.post/3mmxhgbo2j72t,news
at://did:plc:ouodjjllsdjdc3vm4nmemis7/app.bsky.feed.post/3mmxh6kceqk2s,opinion
at://did:plc:iyrjgtfhsltmvqb36zzmgifo/app.bsky.feed.post/3mmxffld4a22f,opinion
at://did:plc:tgpec7t2wsdbdclxhlgkltej/app.bsky.feed.post/3mmxfd6oqnc2n,opinion
at://did:plc:ppoq7c4onf46cpeejixgnlav/app.bsky.feed.post/3mmxb675dv22b,opinion
at://did:plc:476ww6juzmwivwcoanrwyk23/app.bsky.feed.post/3mmxayg7hss2y,opinion
at://did:plc:feiibhdumkm7fgadjjt2pufz/app.bsky.feed.post/3mmxaoduzcs2s,opinion
at://did:plc:uebsbwsxua3andd7ieru5fu3/app.bsky.feed.post/3mmx54gv6pc22,opinion
at://did:plc:hlwnuzbnl6pqsyrlxzut65iz/app.bsky.feed.post/3mmx4fphpsc2i,news
at://did:plc:ud2rtrimgtkhazutsw2ljsgf/app.bsky.feed.post/3mmx3yzz3d22b,neither
at://did:plc:h5s3fxfvfxsle5q6j4p3ozfv/app.bsky.feed.post/3mmx34tfrph2c,news
at://did:plc:fjyc2fgsaiwvnbwwp6d757ps/app.bsky.feed.post/3mmwzb33qpk2w,opinion
at://did:plc:627gbuht3alle4pppn6atsf7/app.bsky.feed.post/3mmwxttjyss2b,opinion
at://did:plc:gwdguvdp5ehcq3f25qysfnat/app.bsky.feed.post/3mmwxdbl4ak26,opinion
at://did:plc:uuibfh77qbgk2hzrs7czfdtp/app.bsky.feed.post/3mmwvhq76ok2x,opinion
at://did:plc:tutkpqtfsfdql5rj3j4bygq6/app.bsky.feed.post/3mmwugdoofs2m,news
at://did:plc:dsc66www2uxi35nvz2mnjmjj/app.bsky.feed.post/3mmwtnpfihs2s,news
at://did:plc:ypqutcnqrieguugjpcsyskc4/app.bsky.feed.post/3mmwsresvm22q,opinion
at://did:plc:oobayuj4zhhswbciunshqkpi/app.bsky.feed.post/3mmwsr3aku22y,news
at://did:plc:4bll5n4d2oxdjogdu23cailv/app.bsky.feed.post/3mmwplhinnb2h,news
at://did:plc:nz4k57gn4j7x7hflejxcuhqm/app.bsky.feed.post/3mmwpaizyo22r,opinion
at://did:plc:oobayuj4zhhswbciunshqkpi/app.bsky.feed.post/3mmwowosip72u,news
at://did:plc:cfpdio344obkem3ebjx2ituu/app.bsky.feed.post/3mmwodazpz225,opinion
at://did:plc:pk3lr7pqhjbompxee3kyq4jh/app.bsky.feed.post/3mmz7twbu3a2k,opinion
at://did:plc:jgv2xq4crc56kx6pvjtvyrhh/app.bsky.feed.post/3mmz7qt6brs2o,opinion
at://did:plc:3jlsxg76ybo3uyh4akdotsko/app.bsky.feed.post/3mmz7jeunbk2r,opinion
at://did:plc:5zjcb7ad2hglabmkhuv6v724/app.bsky.feed.post/3mmz7gzyapc27,opinion
at://did:plc:6wdsug7asxcvbg2guyncf27h/app.bsky.feed.post/3mmz7gtep6c2j,opinion
at://did:plc:tcnemjoknietnvtp7eubuhnu/app.bsky.feed.post/3mmz7gmsudc22,opinion
at://did:plc:bvgh5nrbwjz7qolcroaustqf/app.bsky.feed.post/3mmz7fffwps2v,opinion
at://did:plc:s6ddtcyhm4cfrhocpplr4jnx/app.bsky.feed.post/3mmz75e5cf22s,opinion
at://did:plc:46viq7iv5ducp5e5jvsbh6mx/app.bsky.feed.post/3mmz6zevglc2u,opinion
at://did:plc:jth37n2qbm7ytqdlra56cy2w/app.bsky.feed.post/3mmz6y6kops2p,opinion
at://did:plc:f4jrwxkdtfjp2hqhmwnf3su7/app.bsky.feed.post/3mmz6xcxups2q,opinion
at://did:plc:jpv6jwr6szhvahhwzocr5qhk/app.bsky.feed.post/3mmz6vj6nw227,neither
at://did:plc:repptmoqirb6jbcerzwexk2y/app.bsky.feed.post/3mmz6s6t4tc2v,opinion
at://did:plc:xctwfqnm5djl3dc2kl6hnb5r/app.bsky.feed.post/3mmz6r63ej224,opinion
at://did:plc:keuqd5ezlwtmmi7cgacgkkve/app.bsky.feed.post/3mmz6nanbdk2x,opinion
at://did:plc:4ymdr2ry2sm4723jcapw7qga/app.bsky.feed.post/3mmz6e7lfak2i,opinion
at://did:plc:vly6qmfsixrtjtntai3xmgth/app.bsky.feed.post/3mmz5yxzvhk2k,opinion
at://did:plc:nqobwch2uohq5a2gj3uetnh5/app.bsky.feed.post/3mmz5xeoz7222,opinion
at://did:plc:snfeagonimg4aom2thvsorkp/app.bsky.feed.post/3mmz5xcvr6222,opinion
at://did:plc:y56emyz3p2v5quzklvg4pyyt/app.bsky.feed.post/3mmz5vahbcs2g,neither
at://did:plc:tv3zas257qxp5wwrrukpvgbg/app.bsky.feed.post/3mmz5us7mb227,opinion
at://did:plc:zkkth3gp76cvjfmaagbvrby3/app.bsky.feed.post/3mmz5sitfok2j,opinion
at://did:plc:vv7ncq7yo3egwxa5fuojwrbg/app.bsky.feed.post/3mmz5rba5wc2k,opinion
at://did:plc:ftsjmdchfgx5oxbbbc3xfrpw/app.bsky.feed.post/3mmz5pc325c2d,news
at://did:plc:h3bnbutnqeyk2lgyh4ar2dbf/app.bsky.feed.post/3mmz5o7u7xk2d,opinion
at://did:plc:oypvxgy6pbrcgqj3ggb4lnhl/app.bsky.feed.post/3mmz5mhelac2b,opinion
at://did:plc:klhr2zszyr6iqy6eecmyyjgt/app.bsky.feed.post/3mmz5jhwyfc27,neither
at://did:plc:ma5n7cq5oubn424zpxipovbg/app.bsky.feed.post/3mmz5j47nnk2i,opinion
at://did:plc:wpmwyfwhtarqqqqr43agjyma/app.bsky.feed.post/3mmz4znh7xc2v,opinion
at://did:plc:vtluikc62q3hcfkazd4l7xml/app.bsky.feed.post/3mmz4ytstys25,neither
at://did:plc:esh6ezvuf3oycig2t6jtyuwy/app.bsky.feed.post/3mmz4ylzqd22p,neither
at://did:plc:il3ae2usxo4l3ey7trkiaerr/app.bsky.feed.post/3mmz4vujrou2c,opinion
at://did:plc:fnogidhskbs3kvn3rjb2hp6h/app.bsky.feed.post/3mmz4ves2kc2p,opinion
at://did:plc:jjgudsbzvcfsbmusxcgxhbyb/app.bsky.feed.post/3mmz4synmq22s,opinion
at://did:plc:psbsjzzqckygodtw4wzbqalh/app.bsky.feed.post/3mmz4s4gvz22n,opinion
at://did:plc:pm5oad3hifrznrkarnxgia6s/app.bsky.feed.post/3mmz4ozc7nc2v,opinion
at://did:plc:fbvwkj56tyd2ru54rybgxpbz/app.bsky.feed.post/3mmz4jrx2jp2p,news
at://did:plc:pvrtdpjrnk67z7mehywacmze/app.bsky.feed.post/3mmz4apbe4c2s,neither
at://did:plc:hazq7mkvz3rfdm2pngaizb3a/app.bsky.feed.post/3mmz4a3v4n22r,news
at://did:plc:23ltfgqty4nkbqnk3ikxhhyt/app.bsky.feed.post/3mmz465gfhs2u,opinion
at://did:plc:vxgdyibsekkjkz5wj7cxokeu/app.bsky.feed.post/3mmz42nka222z,neither
at://did:plc:icf3i6a7ff6qx3d4oc7acqtr/app.bsky.feed.post/3mmz3ygysqc2n,opinion
at://did:plc:kkergqgbhb56ptpwj2wenkje/app.bsky.feed.post/3mmz3w35kvl2r,news
at://did:plc:o3efj5m5g3og2vmpuysi33bn/app.bsky.feed.post/3mmz3ujcoq22o,neither
at://did:plc:kcnfefeaqi3twvfxycjo3lp2/app.bsky.feed.post/3mmz3opjcrk2v,opinion
at://did:plc:afprhrzos5epew7be4iinrrs/app.bsky.feed.post/3mmz3mt5am22l,opinion
at://did:plc:e6byc4dg6hnphwb27k6wyoey/app.bsky.feed.post/3mmz3bwcy7s2l,opinion
at://did:plc:m76un2njnauykioul73lfo6x/app.bsky.feed.post/3mmz36keocg2u,opinion
at://did:plc:jbvsndf2fyb6nocmjt3kaycn/app.bsky.feed.post/3mmz35lfhf22m,opinion
at://did:plc:auosi5l2g76gykunujwg3cga/app.bsky.feed.post/3mmz33bdemc2n,opinion
at://did:plc:shau7hloektsscw4q6vahuhh/app.bsky.feed.post/3mmz32spiwk2f,opinion
at://did:plc:25oecrgr4ngsun2anwerxq23/app.bsky.feed.post/3mmz7qnql6s26,opinion
at://did:plc:eeqygiigi4r4zw2vqfndpbvv/app.bsky.feed.post/3mmz7776pd22t,opinion
at://did:plc:zq46h5uvohvv6qjq6esvcbms/app.bsky.feed.post/3mmz6mp5vwc2t,opinion
at://did:plc:izgy2dfct56fjfzmssegkekq/app.bsky.feed.post/3mmz6m2nqu22q,opinion
at://did:plc:f4jrwxkdtfjp2hqhmwnf3su7/app.bsky.feed.post/3mmz6hnfyzc2q,opinion
at://did:plc:3gphk2kxfp4kx7bqyj7vqozw/app.bsky.feed.post/3mmz5o4mphk2s,opinion
at://did:plc:yjqekodgo25hjem4isderwak/app.bsky.feed.post/3mmz5fgjpv22q,news
at://did:plc:pgyjupi7rqmzaq4bqy565wxq/app.bsky.feed.post/3mmz5cvqjd222,opinion
at://did:plc:pgyjupi7rqmzaq4bqy565wxq/app.bsky.feed.post/3mmz5cvqgfc22,opinion
at://did:plc:pgyjupi7rqmzaq4bqy565wxq/app.bsky.feed.post/3mmz5cubz2222,opinion
at://did:plc:f66ovrmanp3uygqre2eicwst/app.bsky.feed.post/3mmz56qdlu225,opinion
at://did:plc:rq5y4u6rx2kgeqck6b75buqz/app.bsky.feed.post/3mmz4wxqdms2o,news
at://did:plc:32yff3gy2pdtfyh5ry7qf7mh/app.bsky.feed.post/3mmz4vdzy222d,opinion
at://did:plc:qjtnvrgadxgrppqmatfbilev/app.bsky.feed.post/3mmz4tdxwl72b,opinion
at://did:plc:paql7wzyycuseaajhyulf2lf/app.bsky.feed.post/3mmz4pyjqyk2k,neither
at://did:plc:xlope3oo4etb3hq5l3adqznx/app.bsky.feed.post/3mmz4nzzn3k2d,neither
at://did:plc:yonemnmrh7t4hedjgcbexzxu/app.bsky.feed.post/3mmz4lsn7jk2u,opinion
at://did:plc:753bbhp6m3m7v24m6ypde3rn/app.bsky.feed.post/3mmz4gsucfa2o,opinion
at://did:plc:yjqekodgo25hjem4isderwak/app.bsky.feed.post/3mmz3yeun3s2q,opinion
at://did:plc:j2gkbaao7yxeeec4y2atxhj7/app.bsky.feed.post/3mmz3vsv4x223,opinion
at://did:plc:6suaht4ufuavk3szkhjgcjkw/app.bsky.feed.post/3mmz3e5cdss2l,neither
at://did:plc:5iop3y4dve3qqf6gjaeyw46y/app.bsky.feed.post/3mmz3dcl4ms2d,neither
at://did:plc:yjqekodgo25hjem4isderwak/app.bsky.feed.post/3mmz36yuhwk2q,opinion
at://did:plc:jy7ubxdbebjkh6odfwjctl7p/app.bsky.feed.post/3mmz2z6nejk2q,opinion
at://did:plc:gxwvjwqbrmozf2ysmm56autn/app.bsky.feed.post/3mmz2oa7viw2n,news
at://did:plc:6c7edzlxccnun75kximgjfad/app.bsky.feed.post/3mmz2czhobs27,opinion
at://did:plc:5hqiqrfxaa3we6cyk3neyet3/app.bsky.feed.post/3mmz25pbvn22u,opinion
at://did:plc:ldtdnoxaint7yzelpnpljwes/app.bsky.feed.post/3mmz242s7n22d,neither
at://did:plc:dutvbtidkzyzyurmpiq4zbpx/app.bsky.feed.post/3mmz23ysx7s2o,opinion
at://did:plc:rq5y4u6rx2kgeqck6b75buqz/app.bsky.feed.post/3mmyzlqrlry2v,news
at://did:plc:adxfwn3xfx43diloytfuoxzw/app.bsky.feed.post/3mmyyq2tzb22a,opinion
at://did:plc:tymf6jjpl7xqiorkj5kfkxrk/app.bsky.feed.post/3mmyyipttqs2n,opinion
at://did:plc:rtx6csb6iivbnt2nyr7jfwm4/app.bsky.feed.post/3mmyyhm2bkc2n,opinion
at://did:plc:vao23dmph7uezdt3gzk7nxwm/app.bsky.feed.post/3mmyydr2de22n,opinion
at://did:plc:iwph7lvihzselxoahyepgtnp/app.bsky.feed.post/3mmyy7u7fhk2u,opinion
at://did:plc:yjqekodgo25hjem4isderwak/app.bsky.feed.post/3mmyy4go7h22q,opinion
at://did:plc:x6vhainxvlubpjlqlfc6fsqr/app.bsky.feed.post/3mmyxyvk5nk2c,opinion
at://did:plc:26sqpljbaiepw3chqojsm436/app.bsky.feed.post/3mmyxxgigzs2n,opinion
at://did:plc:xqgtq6a74y3dir46oy3dm7ev/app.bsky.feed.post/3mmyxue6g6k2y,opinion
at://did:plc:5amgldjhwzn3ns7bvtxobdhk/app.bsky.feed.post/3mmyxc3amhc25,opinion
at://did:plc:oa6sv5tk56lwrlfultax2ene/app.bsky.feed.post/3mmyx2zs56c2p,opinion
at://did:plc:f45rmqrfxsgogceeitwosszx/app.bsky.feed.post/3mmywmmjv2c2q,opinion
at://did:plc:f45rmqrfxsgogceeitwosszx/app.bsky.feed.post/3mmywmmjq622q,opinion
at://did:plc:yjqekodgo25hjem4isderwak/app.bsky.feed.post/3mmz7rz4eek2q,opinion
at://did:plc:oitwewrtllkk22k5ftukypfl/app.bsky.feed.post/3mmz5o4n5542b,news
at://did:plc:eenp3mg7t6lvw5i65ivzgujy/app.bsky.feed.post/3mmz4sogvnk2h,news
at://did:plc:loso44gbzbpofvs2junrhc66/app.bsky.feed.post/3mmz33u67ms22,opinion
at://did:plc:eenp3mg7t6lvw5i65ivzgujy/app.bsky.feed.post/3mmyy7oxblc2v,news
at://did:plc:6h4yyetwtlai7c6acaucnrcf/app.bsky.feed.post/3mmyw75duw225,opinion
at://did:plc:z7sczf52yowa5fn6w35af53u/app.bsky.feed.post/3mmyrsqvfgk2u,opinion
at://did:plc:42w75ppgdk7goly4ip7ebmrh/app.bsky.feed.post/3mmyqmjegvk26,opinion
at://did:plc:oitwewrtllkk22k5ftukypfl/app.bsky.feed.post/3mmyqcfs7xw2m,news
at://did:plc:yjqekodgo25hjem4isderwak/app.bsky.feed.post/3mmypxhih2c2q,opinion
at://did:plc:hitp6zywlgwixv34r2kxvgoe/app.bsky.feed.post/3mmyppnlmqb2a,neither
at://did:plc:hfpkv5nx444vx34nbqqkafnt/app.bsky.feed.post/3mmypgieits2b,opinion
at://did:plc:yjqekodgo25hjem4isderwak/app.bsky.feed.post/3mmyovgv4lc2q,opinion
at://did:plc:yjqekodgo25hjem4isderwak/app.bsky.feed.post/3mmyofam3us2q,opinion
at://did:plc:vhxpr7rmohblmq4mg5q3yhga/app.bsky.feed.post/3mmynr62fbc2z,opinion
at://did:plc:dcqe6ztd46q6cbzm25fa7aex/app.bsky.feed.post/3mmykt3avm22x,opinion
at://did:plc:iczg6a2i3etk5bscga6uv6od/app.bsky.feed.post/3mmykmwsubs2e,opinion
at://did:plc:xnmkjaouspdzqv4hzvvcf3j3/app.bsky.feed.post/3mmyfbwuwwj2q,opinion
at://did:plc:vggunpnicjhemh2thquhcgth/app.bsky.feed.post/3mmyehnmod22x,opinion
at://did:plc:j4df5owui26ko3yx7hu5c6vk/app.bsky.feed.post/3mmyebjxwl22r,opinion
at://did:plc:ul6257nlxim4rdn7i7ujruy2/app.bsky.feed.post/3mmye23smqc2w,opinion
at://did:plc:oitwewrtllkk22k5ftukypfl/app.bsky.feed.post/3mmycqnjflv2b,news
at://did:plc:ug7a4qjqls6jfnlr74cuqvl2/app.bsky.feed.post/3mmyc7edojc2b,opinion
at://did:plc:rvxsw2jtyf5kvoevlj6l22vk/app.bsky.feed.post/3mmyad4gexs2c,opinion
at://did:plc:bnrbtw6jsib7wknhaet7gvcl/app.bsky.feed.post/3mmy6nhmszc26,opinion
at://did:plc:d7peifwjyblmztynop67ujiw/app.bsky.feed.post/3mmy4o3qu3u2o,opinion
at://did:plc:zdq2sst2j4mm4tbsuroc7hsq/app.bsky.feed.post/3mmy4j32s622o,news
at://did:plc:4hcakeaznxxhheyymlm5fyor/app.bsky.feed.post/3mmy3slax5c2y,opinion
at://did:plc:u7hxef7qmcryysno4htqhdcb/app.bsky.feed.post/3mmy35gpun22i,opinion
at://did:plc:2ebzd33hp2r7rws4rl4rizfl/app.bsky.feed.post/3mmy2gdgtak2k,opinion
at://did:plc:7oc6pe6qxsppluxr3ehwpg5i/app.bsky.feed.post/3mmxyelfcfr2k,opinion
at://did:plc:qzszddraggl4m5d2wskzvetl/app.bsky.feed.post/3mmxwnhmhvz2y,opinion
at://did:plc:jbsib5xuwuowvb333ipr3d7h/app.bsky.feed.post/3mmxvtjzyl22q,opinion
at://did:plc:wm5b3q2znvnatujmm46yucon/app.bsky.feed.post/3mmxvjlb4tk23,opinion
at://did:plc:oitwewrtllkk22k5ftukypfl/app.bsky.feed.post/3mmxvfhvvwf26,news
at://did:plc:z77ilmnboc6u2763u4do7w5l/app.bsky.feed.post/3mmxr6mg2jk2k,opinion
at://did:plc:fv256ijb3ftgb6hewcujshxw/app.bsky.feed.post/3mmxn77hlp227,opinion
at://did:plc:xue5swnq6tayordlqnfretto/app.bsky.feed.post/3mmxlgy5gps2k,opinion
at://did:plc:lbfc7sn3rl27ld45wxkizbgz/app.bsky.feed.post/3mmxkxvp5dc2h,opinion
at://did:plc:62taimf2n2qfrbarj2nkxy53/app.bsky.feed.post/3mmxityxpfk2h,neither
at://did:plc:3uwhz4hytwdinuzhmadq73dn/app.bsky.feed.post/3mmxiiumc7s2p,opinion
at://did:plc:oitwewrtllkk22k5ftukypfl/app.bsky.feed.post/3mmxhyjcsqz2t,news
at://did:plc:5nswjcka6ohc27d34u3sy7mv/app.bsky.feed.post/3mmxeouevm22w,opinion
at://did:plc:s35z2qcycwi2ogyzogczui7x/app.bsky.feed.post/3mmx5p6mirk2k,opinion
at://did:plc:a6lliy6lr4vdui4jke7rcj7r/app.bsky.feed.post/3mmx53ggt622i,opinion
at://did:plc:wnhlwfb44kfyi4gb6yc2tvbz/app.bsky.feed.post/3mmx4r3r2xc22,opinion
at://did:plc:7shrfzwpz4mmnoc73doxithq/app.bsky.feed.post/3mmz7sadqo225,opinion
at://did:plc:pd6tfrrlvqbclxvl4a2zy3bk/app.bsky.feed.post/3mmz72z6gpp2i,opinion
at://did:plc:prnc5joiyf7mwlrcoeo4xj4r/app.bsky.feed.post/3mmz6yqrcbk2x,news
at://did:plc:i4lpgcshkgqnm7tsqn64d7zx/app.bsky.feed.post/3mmz6su2mxs24,neither
at://did:plc:46viq7iv5ducp5e5jvsbh6mx/app.bsky.feed.post/3mmz6kklfcs2u,opinion
at://did:plc:hzjcio4lli5xqtksag2sncdx/app.bsky.feed.post/3mmz6khmafc2g,opinion
at://did:plc:pd6tfrrlvqbclxvl4a2zy3bk/app.bsky.feed.post/3mmz6cvjb372i,news
at://did:plc:huap3ahtpjtkrb6dyd2c62wk/app.bsky.feed.post/3mmz6ch7dwk2b,news
at://did:plc:e3adzvtg56lfn3wpdlfjwnoc/app.bsky.feed.post/3mmz67rwlgs2u,opinion
at://did:plc:pggdgcq644d5lppxzjyiledn/app.bsky.feed.post/3mmz66ntzda2d,news
at://did:plc:pd6tfrrlvqbclxvl4a2zy3bk/app.bsky.feed.post/3mmz5wsgxqp2i,opinion
at://did:plc:oitwewrtllkk22k5ftukypfl/app.bsky.feed.post/3mmz5opf3gt2k,news
at://did:plc:kz3wodi4q2qkin4hcqfs66kk/app.bsky.feed.post/3mmz5i3rosk2b,opinion
at://did:plc:smtwmk5lbhomejy6cc3hqglr/app.bsky.feed.post/3mmz55en2wc2o,opinion
at://did:plc:6eh7cqwyws7wph3xj7bywthl/app.bsky.feed.post/3mmz54xv4ac2r,opinion
at://did:plc:jp2rl3twzm5rpxwa5bbnge6j/app.bsky.feed.post/3mmz4yl7his2u,opinion
at://did:plc:y7v3ohatw42wnod4wtls6e2t/app.bsky.feed.post/3mmz4uo3jjl2q,opinion
at://did:plc:ajunyb5hmvbllgvrqjzi5gy5/app.bsky.feed.post/3mmz4q3yd3c2d,opinion
at://did:plc:pd6tfrrlvqbclxvl4a2zy3bk/app.bsky.feed.post/3mmz4p75kr52i,opinion
at://did:plc:ioy3xvudekzsatjxokajse3m/app.bsky.feed.post/3mmz4lykh6s2v,opinion
at://did:plc:6h32tbiuz6ptigvkkrx2jkrz/app.bsky.feed.post/3mmz4lfd4r226,opinion
at://did:plc:xsoucnnpbf4jehj7iju62p7g/app.bsky.feed.post/3mmz4jwpzyb2c,neither
at://did:plc:6h32tbiuz6ptigvkkrx2jkrz/app.bsky.feed.post/3mmz4izh3ik26,opinion
at://did:plc:6h32tbiuz6ptigvkkrx2jkrz/app.bsky.feed.post/3mmz4e6lyyk26,opinion
at://did:plc:6h32tbiuz6ptigvkkrx2jkrz/app.bsky.feed.post/3mmz4bldbj226,opinion
at://did:plc:zfty2dfsg3woou74uazhib5t/app.bsky.feed.post/3mmz3z2go5k2r,opinion
at://did:plc:axpzyhl2p5zy5nmb2vppqvmd/app.bsky.feed.post/3mmz3ygvo5k27,opinion
at://did:plc:e4krmzzwteov2qm2lrwaiyhs/app.bsky.feed.post/3mmz3y4hwhk2u,neither
at://did:plc:6h32tbiuz6ptigvkkrx2jkrz/app.bsky.feed.post/3mmz3xhrryc26,opinion
at://did:plc:i6silxwkmcjzp4qjfab2iomm/app.bsky.feed.post/3mmz3xaya322k,news
at://did:plc:6h32tbiuz6ptigvkkrx2jkrz/app.bsky.feed.post/3mmz3tcnwkk26,opinion
at://did:plc:6h32tbiuz6ptigvkkrx2jkrz/app.bsky.feed.post/3mmz3rwmnus26,opinion
at://did:plc:iqk3dls76c5bztq7robb6jnd/app.bsky.feed.post/3mmz3q4mcqgf2,news
at://did:plc:mec75muei3zce23djcw2afqa/app.bsky.feed.post/3mmz3nuojgw25,news
at://did:plc:6h32tbiuz6ptigvkkrx2jkrz/app.bsky.feed.post/3mmz3npetnc26,opinion
at://did:plc:z2d5kwuo6iruguposfljsx64/app.bsky.feed.post/3mmz3jgm6vs2a,news
at://did:plc:ujqjkkshssjfetjjunz64yyh/app.bsky.feed.post/3mmz3hmk2x22u,opinion
at://did:plc:auosi5l2g76gykunujwg3cga/app.bsky.feed.post/3mmz3hdhxqk2n,opinion
at://did:plc:6h32tbiuz6ptigvkkrx2jkrz/app.bsky.feed.post/3mmz3fker2226,opinion
at://did:plc:6h32tbiuz6ptigvkkrx2jkrz/app.bsky.feed.post/3mmz3d765d226,opinion
at://did:plc:6h32tbiuz6ptigvkkrx2jkrz/app.bsky.feed.post/3mmz3a522vk26,opinion
at://did:plc:6h32tbiuz6ptigvkkrx2jkrz/app.bsky.feed.post/3mmz34c6cik26,opinion
at://did:plc:5nwxaklwb5khhyvwjqm7htac/app.bsky.feed.post/3mmz2z3nzqk2n,opinion
at://did:plc:hoggkvllepdburz27lrs4k7q/app.bsky.feed.post/3mmz2ybgrcc2b,opinion
at://did:plc:6h32tbiuz6ptigvkkrx2jkrz/app.bsky.feed.post/3mmz2yalsyk26,opinion
at://did:plc:vtmv733c234ewi24w2edzxjd/app.bsky.feed.post/3mmz2vuwgmk2j,opinion
at://did:plc:jz46bc3dfdz4manpm4y2qyqs/app.bsky.feed.post/3mmz2vnyjzs2d,news
at://did:plc:af42ynj22io4xdgpkz7b77ew/app.bsky.feed.post/3mmz2vccfes2n,opinion
at://did:plc:6zuvtiklilz3ihynwdy52jn6/app.bsky.feed.post/3mmz2rvmals2p,opinion
at://did:plc:f5oinzvc4mec6w27y2k77v65/app.bsky.feed.post/3mmz2pqoxei25,news
at://did:plc:4ypydtsxlmkfyoyoxb26o4wd/app.bsky.feed.post/3mmz2lmwels2f,opinion
at://did:plc:2melr6mzubhzqajoduym7eeq/app.bsky.feed.post/3mmz2f45ap222,opinion
at://did:plc:yxvquynjzxk4eexepivljnts/app.bsky.feed.post/3mmz2bfq4uf2m,opinion
at://did:plc:fec3u6wzrcgti2k4mrp2hfux/app.bsky.feed.post/3mmz26z3w222w,opinion
at://did:plc:jswt5hsgftd3xjinioie4e37/app.bsky.feed.post/3mmz26s73n22c,opinion
at://did:plc:a4atdflwb3bimuph4jbhuse3/app.bsky.feed.post/3mmz23qpta22i,opinion
at://did:plc:2melr6mzubhzqajoduym7eeq/app.bsky.feed.post/3mmz225w3s222,opinion
at://did:plc:dutvbtidkzyzyurmpiq4zbpx/app.bsky.feed.post/3mmyzynoq3s2o,opinion
at://did:plc:zrh3ge3debjxtaeyc32wnndq/app.bsky.feed.post/3mmz7eap5x227,opinion
at://did:plc:2wyta7nppx2mfk7gacwxsqr6/app.bsky.feed.post/3mmz5uotq4c2t,opinion
at://did:plc:fvqtpn5xua5sobf2s4nr2jf3/app.bsky.feed.post/3mmz5jzufys2g,opinion
at://did:plc:ew3npkvqvbrqbkxbeklaad2b/app.bsky.feed.post/3mmz5jvkgay22,opinion
at://did:plc:jixuledxwe4cjmrkkil4akvl/app.bsky.feed.post/3mmz4wpnm722w,opinion
at://did:plc:6e2uqumh7x42shb6zhca45ry/app.bsky.feed.post/3mmz4qxzwpk2v,opinion
at://did:plc:ivd76aneuqrstpbkzoyokkzi/app.bsky.feed.post/3mmz4axdpos2e,opinion
at://did:plc:uduaobssawxzpw37bvnb6ecn/app.bsky.feed.post/3mmz4agi53k2a,neither
at://did:plc:nreoc6lbmfdgciqb6htdhawl/app.bsky.feed.post/3mmz3e4y3os2v,opinion
at://did:plc:5qbf7iuc4ue2tiyhufwyvbp2/app.bsky.feed.post/3mmz2vwv5hc2k,opinion
at://did:plc:uopituhzgetwgfpnkpe7fiku/app.bsky.feed.post/3mmz2cgkquc2w,opinion
at://did:plc:ap2tcp3nhtwwxtfijevobxzg/app.bsky.feed.post/3mmz2c2bmrs2r,neither
at://did:plc:hdsuno4mbeea7c6vyipevt2r/app.bsky.feed.post/3mmz23umnek2g,opinion
at://did:plc:gsk4ru2wtc6hxcrqv4mr26fj/app.bsky.feed.post/3mmyzkkeaw22w,opinion
at://did:plc:bchtugeqt3bw4vqz24qc73hw/app.bsky.feed.post/3mmyz62x6rk2f,opinion
at://did:plc:isvv7wuteqfpss7zei7zy7a6/app.bsky.feed.post/3mmyybfwv722s,opinion
at://did:plc:wjkj5bmui5kuzsfrxgtq43g5/app.bsky.feed.post/3mmyy3olgfs2g,opinion
at://did:plc:isvv7wuteqfpss7zei7zy7a6/app.bsky.feed.post/3mmyy2lzkpk2s,opinion
at://did:plc:ptvepzw6aoqfknexjbn7v2el/app.bsky.feed.post/3mmyxnugbx22t,opinion
at://did:plc:xgkx5ptpt2crlmtlzr4mjivh/app.bsky.feed.post/3mmyxhzlnk22a,opinion
at://did:plc:yg5opdxtxd5dbo5zxingdqj7/app.bsky.feed.post/3mmyxccp5bd2y,opinion
at://did:plc:v2dhcxmzkcse6ufkbmhqlj2o/app.bsky.feed.post/3mmyx63g7da2w,news
at://did:plc:qs37yyyoiic4ufqzywslcrh4/app.bsky.feed.post/3mmyx3jhf7k2q,opinion
at://did:plc:xdrmdificlltovjippwxtyl5/app.bsky.feed.post/3mmywlhx75224,opinion
at://did:plc:5yqijy7xxlw6ekucc35njyke/app.bsky.feed.post/3mmywctru7k2j,opinion
at://did:plc:e4hhpvt2ozbklfcqcc7pce6o/app.bsky.feed.post/3mmyvm66erk2r,opinion
at://did:plc:3c32rkdtncyshht5xnrt23zj/app.bsky.feed.post/3mmyv3lfyrk27,opinion
at://did:plc:ndwtrg3nilxu7hc6l7zqwlpn/app.bsky.feed.post/3mmyukdfxqs2z,opinion
at://did:plc:paejvikjv5occibgxbge2kii/app.bsky.feed.post/3mmytwpywvs2d,opinion
at://did:plc:paejvikjv5occibgxbge2kii/app.bsky.feed.post/3mmytwpyn5c2d,opinion
at://did:plc:esfuynq6e5yxpkcitfucp7eo/app.bsky.feed.post/3mmyswu4qj22g,neither
at://did:plc:s7b72q66wdfnjnye2efelftg/app.bsky.feed.post/3mmysptv7d22t,opinion
at://did:plc:a522viaokkdmy4bq3uxhiyry/app.bsky.feed.post/3mmyrlfwfz22m,opinion
at://did:plc:ptvepzw6aoqfknexjbn7v2el/app.bsky.feed.post/3mmyquxr4nd2x,neither
at://did:plc:ptvepzw6aoqfknexjbn7v2el/app.bsky.feed.post/3mmyquxkiq32x,opinion
at://did:plc:kxyfllssuk6fvy35d5c6m6uk/app.bsky.feed.post/3mmyqos4yl22g,opinion
at://did:plc:fvrapn7w2ftb5677mg2sls4o/app.bsky.feed.post/3mmyqbti6z223,opinion
at://did:plc:i3jd24ocs6yrsxbk4njb2rqo/app.bsky.feed.post/3mmypzvngcc2v,neither
at://did:plc:zqd5n7bblmxw2qhkicimgmix/app.bsky.feed.post/3mmypz3dkts2s,neither
at://did:plc:zjklcfgk2spfrkeubi22rzan/app.bsky.feed.post/3mmypx6o7sc22,opinion
at://did:plc:hbwijwmg4sr4zma6pr6soxov/app.bsky.feed.post/3mmypuld63s22,opinion
at://did:plc:5otyxwigslrvse4mqe5ag2ol/app.bsky.feed.post/3mmypntotkc2b,opinion
at://did:plc:hl665htx3p4kbx6x24b5bgj2/app.bsky.feed.post/3mmypntll2k24,opinion
at://did:plc:xjhfhjerurn4wuxxvfc7rpc5/app.bsky.feed.post/3mmypgay4fc22,opinion
at://did:plc:ns6mew63gkgvftflpcl2xx5x/app.bsky.feed.post/3mmyp6dfqsl2k,opinion
at://did:plc:ptvepzw6aoqfknexjbn7v2el/app.bsky.feed.post/3mmyp4mxszl2x,opinion
at://did:plc:kpcgjjfuvvj7jdn6dpsy73eq/app.bsky.feed.post/3mmyp3ffre22c,opinion
at://did:plc:wocrel6befosrtgafbfc6hlk/app.bsky.feed.post/3mmyoqkfz222i,opinion
at://did:plc:hpk2qicem7kz7u7a2gyi3ajh/app.bsky.feed.post/3mmyomn72f22d,neither
at://did:plc:6cuhyh72wwthjmwrcnob5b62/app.bsky.feed.post/3mmyokpac5c2h,opinion
at://did:plc:mwkuptzfe3lok6ffriscmmhy/app.bsky.feed.post/3mmyoavj66s2u,opinion
at://did:plc:ptvepzw6aoqfknexjbn7v2el/app.bsky.feed.post/3mmyn7qp6pc2x,opinion
at://did:plc:ptvepzw6aoqfknexjbn7v2el/app.bsky.feed.post/3mmymvnbl7c2x,opinion
at://did:plc:2melr6mzubhzqajoduym7eeq/app.bsky.feed.post/3mmyzsfkz5k22,opinion
at://did:plc:25towud5ixs5i6x6rnn7qmw3/app.bsky.feed.post/3mmyw6bmhhc2m,opinion
at://did:plc:e4hhpvt2ozbklfcqcc7pce6o/app.bsky.feed.post/3mmyw4mulqc2r,opinion
at://did:plc:sr3cp7q3p7zrnb6r276syycf/app.bsky.feed.post/3mmyvsjibqy2p,news
at://did:plc:qgimsdoqyxdklecbembcwvc5/app.bsky.feed.post/3mmyvmp3uvk2w,opinion
at://did:plc:phoeuobk2oxajp7qkdryfjwo/app.bsky.feed.post/3mmyucq4c5k26,neither
at://did:plc:66xhjlkx4fhuyvotrieiztbm/app.bsky.feed.post/3mmyt4fy6ic2t,opinion
at://did:plc:sfsowlsdggzs2wz5vvhelylf/app.bsky.feed.post/3mmyoot6dmc2z,opinion
at://did:plc:i3hdbblocify4nx6d2sszuql/app.bsky.feed.post/3mmyfqq4bi225,opinion
at://did:plc:5zqjavyvxgpqup52vic4whgn/app.bsky.feed.post/3mmyapo2aqc22,opinion
at://did:plc:u2cn5xb7qkvb6pu6ydmshyta/app.bsky.feed.post/3mmy6nxrryu26,news
at://did:plc:ytvcng5tektt3zrqlxtjhtep/app.bsky.feed.post/3mmy2cj6mss2q,opinion
at://did:plc:onosb7hressea4vw5yyiajsk/app.bsky.feed.post/3mmy2aml7c22f,opinion
at://did:plc:7m4mxuours4cjhrm5exausy5/app.bsky.feed.post/3mmxvq2s7ic2e,opinion
at://did:plc:mb74medxp5ft5aha4noes2h4/app.bsky.feed.post/3mmxo7sua7s2r,opinion
at://did:plc:qdr5l6todja5wv7kzsn56mv6/app.bsky.feed.post/3mmxknyu25s2r,opinion
at://did:plc:afj3o7yatzf64x5gekjalbad/app.bsky.feed.post/3mmxken3yts2k,opinion
at://did:plc:st535ku3pt3iqhksgcwtvfvq/app.bsky.feed.post/3mmx7tu2lic2g,opinion
at://did:plc:de2b26mcnrp3uc7zxg7enx7o/app.bsky.feed.post/3mmx5x4xmwc2g,opinion
at://did:plc:tzj3f7pdfqbhmnwqcfaldmcv/app.bsky.feed.post/3mmx4fp6mrs2d,opinion
at://did:plc:mwuefy4n3swcxw5dzeeeufg4/app.bsky.feed.post/3mmx34krktc2f,opinion
at://did:plc:sltg7gg4yo2n3di6quug7ayy/app.bsky.feed.post/3mmwzp3gobk2p,opinion
at://did:plc:geqs6en4gtc67hvwobohy2uc/app.bsky.feed.post/3mmwyidu56c2u,opinion
at://did:plc:4ukatsh4olqx76bkdxj2rwmn/app.bsky.feed.post/3mmwx5eqixr2p,opinion
at://did:plc:4ukatsh4olqx76bkdxj2rwmn/app.bsky.feed.post/3mmwx5eqixq2p,neither
at://did:plc:icdtlkkcasrca7fax7vvq5po/app.bsky.feed.post/3mmwv3b2ttk2e,opinion
at://did:plc:qgv3qtybvsl3jfmgi453vgbc/app.bsky.feed.post/3mmwuze7ifs2w,opinion
at://did:plc:al4gzqb5b4pnio3tj4ydha4c/app.bsky.feed.post/3mmwuojgczs2a,neither
at://did:plc:g53qeu4ccuticcil7hoqd4il/app.bsky.feed.post/3mmwuf3he6s24,opinion
at://did:plc:wdtwancdfrucjhz55jl4avga/app.bsky.feed.post/3mmwsuros2p2o,opinion
at://did:plc:df6hugxknby3dd6ste553aex/app.bsky.feed.post/3mmwsjcimoy2u,opinion
at://did:plc:d63bnayyde4ofavshjaqxgau/app.bsky.feed.post/3mmwsa7ujuy2q,opinion
at://did:plc:ujvgsqiuj3cbfhtmzlr3hwsb/app.bsky.feed.post/3mmws3pm5x22q,opinion
at://did:plc:56jgipufrq2rypjjfhnv4ufo/app.bsky.feed.post/3mmwrwy7qhk2b,news
at://did:plc:wgm4ommvltbrdsr7bbygkzcr/app.bsky.feed.post/3mmwqyhaeq22s,opinion
at://did:plc:75dopidsrwpadtzolnpe5g4g/app.bsky.feed.post/3mmwqboeqlv2g,opinion
at://did:plc:dn2jkgucy3acbuklxcavzghs/app.bsky.feed.post/3mmwpkeahbc2p,opinion
at://did:plc:54blq35yjjlsprwhyfzmhp56/app.bsky.feed.post/3mmwnwvb5fs2y,opinion
at://did:plc:vgecb4gqqyz2yhegu5cu73dj/app.bsky.feed.post/3mmwnvhaobc2c,opinion
at://did:plc:fc2gusbhlelz43l7oexi5zq4/app.bsky.feed.post/3mmwmncuhac2f,neither
at://did:plc:wknnk4h7rdluxzgpzygfjwrd/app.bsky.feed.post/3mmwmbblwk22d,opinion
at://did:plc:s7v5f35fc72k7jq4lfjntwhh/app.bsky.feed.post/3mmwm5qeq5s2c,opinion
at://did:plc:xfeok6faghfkzhflk4tpfzmn/app.bsky.feed.post/3mmwm4hnzn22g,opinion
at://did:plc:i4tgn42sadgvr3hkslicvpjs/app.bsky.feed.post/3mmz6vohdes2x,opinion
at://did:plc:pelcx6335zuov2bi6kday2q6/app.bsky.feed.post/3mmz6hfw76s2p,news
at://did:plc:iwqdab3ifz6ooighwhslpiiz/app.bsky.feed.post/3mmz5vdw37x2w,news
at://did:plc:l5frbcjkce3qevn46zgjkzxm/app.bsky.feed.post/3mmz5eioels2r,opinion
at://did:plc:ttmxxh26a6xgbfl4e7ub3imf/app.bsky.feed.post/3mmz4skmcsc2k,opinion
at://did:plc:aiz2o3hhpuwzv54rpbywqu2y/app.bsky.feed.post/3mmz4a5jsy22k,opinion
at://did:plc:3hkvjk3s7etvwhpqxbeb6trk/app.bsky.feed.post/3mmz2dirf6k2t,opinion
at://did:plc:z4azwfwdyessd4xpcw2wsiin/app.bsky.feed.post/3mmyzoknj3c2y,opinion
at://did:plc:bhpniugmbkajtm2udbf4ejd3/app.bsky.feed.post/3mmyyvpz62c2z,opinion
at://did:plc:rqj747cvjmyfw27lziydwp4u/app.bsky.feed.post/3mmyyutxx4c2b,news
at://did:plc:eq5x2rk6bzp4esklll6wwwka/app.bsky.feed.post/3mmyxlyq6vk2j,opinion
at://did:plc:goqh2c3wbkm5ff3swd2y4vtx/app.bsky.feed.post/3mmywisz7kc22,opinion
at://did:plc:6sytjlbkpq4affd5wbcvrfce/app.bsky.feed.post/3mmywbwhcz22j,opinion
at://did:plc:eej4ojwagi3xfdux5frlxzo2/app.bsky.feed.post/3mmyv45s53k2d,opinion
at://did:plc:bw4kavxmgig3gooadg5ldvhp/app.bsky.feed.post/3mmytpkaeok23,news
at://did:plc:jz46bc3dfdz4manpm4y2qyqs/app.bsky.feed.post/3mmyt2g5eek25,opinion
at://did:plc:y2sxmjqjfshio4rw4wfrg7td/app.bsky.feed.post/3mmysg7dt3c2a,opinion
at://did:plc:y2sxmjqjfshio4rw4wfrg7td/app.bsky.feed.post/3mmysfvw5r22a,news
at://did:plc:p6phcjwkds5okrj5wuuhrxxn/app.bsky.feed.post/3mmysbyeu2c2u,opinion
at://did:plc:eqynp52b6yfxo6t2wgqridwg/app.bsky.feed.post/3mmyrvznzmc2f,opinion
at://did:plc:pvcxicdndphhuiqczyzu43dw/app.bsky.feed.post/3mmyrj62q6625,news
at://did:plc:ywfcvjez33ey4z5rsf7pgdx2/app.bsky.feed.post/3mmyr6dgrrs2x,opinion
at://did:plc:rozyqg7p64o2wuywr6bpvyec/app.bsky.feed.post/3mmyqk7jkls2f,news
at://did:plc:lrr632kvugzfk2vsghjytvgl/app.bsky.feed.post/3mmyq6k3xus2e,opinion
at://did:plc:wnhlwfb44kfyi4gb6yc2tvbz/app.bsky.feed.post/3mmypwxp2722s,news
at://did:plc:v4us3a725gax4g5r4ot5mxcy/app.bsky.feed.post/3mmypscfjdk23,opinion
at://did:plc:d4z6zveh6n4qifdn223mj4uk/app.bsky.feed.post/3mmypcaq2cs2t,news
at://did:plc:ba4ljetiaeiu5vrpfhymga7a/app.bsky.feed.post/3mmypbnwkbc26,opinion
at://did:plc:ituyfq7lklxce2do3trp7owl/app.bsky.feed.post/3mmyp4kjcdc2g,news
at://did:plc:nhdtzg7mmjr3bhiqozvlqhez/app.bsky.feed.post/3mmym5ja22k2v,news
at://did:plc:dj2og4fejbzniy3qkvua33so/app.bsky.feed.post/3mmylyu2k632j,news
at://did:plc:bjdjomgx7t7f3agie7ndvosb/app.bsky.feed.post/3mmylgbnm6k2p,opinion
at://did:plc:bjdjomgx7t7f3agie7ndvosb/app.bsky.feed.post/3mmyl57aicc2a,opinion
at://did:plc:bjdjomgx7t7f3agie7ndvosb/app.bsky.feed.post/3mmyl57aefc2a,opinion
at://did:plc:7jzcvltv54nymu3esx3n5wxq/app.bsky.feed.post/3mmyksgmpms2w,opinion
at://did:plc:jpw3yieqid6tcywrp7yfguol/app.bsky.feed.post/3mmykh7cp422b,opinion
at://did:plc:ndpimx6b354av7omhvflkqpb/app.bsky.feed.post/3mmyk2nfv7c2w,opinion
at://did:plc:bi65gimlgyzlwowmhi5bkixl/app.bsky.feed.post/3mmyjkpzfxs2h,opinion
at://did:plc:zhbhwsqkcvnmetkjfjn2hqmx/app.bsky.feed.post/3mmyj5mdoyk25,opinion
at://did:plc:sgjgzuvgkirqy6hpbtjqqbu2/app.bsky.feed.post/3mmyii4f65k2k,news
at://did:plc:swj6nxxfi5gcpgjdzvo25cri/app.bsky.feed.post/3mmyifhco442b,news
at://did:plc:pp66gvuh6w7tnshtvjxll72e/app.bsky.feed.post/3mmyi67bvb22n,opinion
at://did:plc:u455z3rms23s5bhlwcvfpptq/app.bsky.feed.post/3mmyhyvhxjc2e,news
at://did:plc:rcnjiioypt7yjoqq2mmvcnfm/app.bsky.feed.post/3mmyhnhhlmk2l,opinion
at://did:plc:fkl6nf6t3ff74z5sv63oiyww/app.bsky.feed.post/3mmyepqw6tc2o,news
at://did:plc:ottofkbzucuystpjo4pd5hvn/app.bsky.feed.post/3mmyenaeiji22,news
at://did:plc:f6yya4ptvsu3cbc7mxkml66d/app.bsky.feed.post/3mmye76grws2c,news
at://did:plc:kd7uuhbinsnypsodgcpv6upj/app.bsky.feed.post/3mmycvf5i722m,news
at://did:plc:va2yfo5lakdl2ryyow5jcahm/app.bsky.feed.post/3mmycul4b4c23,news
at://did:plc:ugb7kvqrlx7n6sice7oh5un2/app.bsky.feed.post/3mmybomz6qc2b,opinion
at://did:plc:bmwzobesymdevsmvear6oxm7/app.bsky.feed.post/3mmyblhqcq227,opinion
at://did:plc:4w2p57fw5v3za6sp4arxgcmy/app.bsky.feed.post/3mmy7jwyjcc2g,news
at://did:plc:viy32lsndojndnbbqax56t5e/app.bsky.feed.post/3mmy4vsvwuk2d,opinion
at://did:plc:6rqkdzljzl66im2guphxte5z/app.bsky.feed.post/3mmxygfdq4k2a,opinion
at://did:plc:vhym2z77fpfoapmkg7jxkpyq/app.bsky.feed.post/3mmxxhct4gc2u,opinion
at://did:plc:mpbgue7fxsf2fdmxfvxvqlst/app.bsky.feed.post/3mmxfmt6tuk2n,opinion
at://did:plc:oebhdiihuxnx3ted3vj34gy3/app.bsky.feed.post/3mmxffeii5225,opinion
at://did:plc:pp66gvuh6w7tnshtvjxll72e/app.bsky.feed.post/3mmxeyj3jss2n,opinion
at://did:plc:xhwt4hrnyv3k3efdfjxqunmo/app.bsky.feed.post/3mmxeq4ixh624,opinion
at://did:plc:dcdj744qu2zqhswdehibppp7/app.bsky.feed.post/3mmxdh2cahs2p,opinion
at://did:plc:ant3yfblxrvj3nn5aj7ffwbb/app.bsky.feed.post/3mmxcaibhts2o,opinion
at://did:plc:kb4qdhxgenhj7k4i6lbi7m5a/app.bsky.feed.post/3mmx7u6d37c2a,opinion
at://did:plc:2yi64nddlqnjyvb6c6lo273u/app.bsky.feed.post/3mmx7ozcqis2l,opinion
at://did:plc:ah3xx43zx46g6tmdbmsmro7f/app.bsky.feed.post/3mmz7uecw5t2y,news
at://did:plc:ybyde6eyl6aaygkcfsyrqlb2/app.bsky.feed.post/3mmz7tbkpcs2x,opinion
at://did:plc:626hondgaubhlerdelzg5apb/app.bsky.feed.post/3mmz7se3frc2g,news
at://did:plc:626hondgaubhlerdelzg5apb/app.bsky.feed.post/3mmz7sdw3ts2g,opinion
at://did:plc:dn2jkgucy3acbuklxcavzghs/app.bsky.feed.post/3mmz7oc5nw22l,opinion
at://did:plc:yahlwcx4fucfvex2y7roprra/app.bsky.feed.post/3mmz7myrvks2f,opinion
at://did:plc:nzmbwnz24njyyld2hzk2l2n6/app.bsky.feed.post/3mmz7mopj5s2x,opinion
at://did:plc:yxwuluq3ksl4hur6mopcl5el/app.bsky.feed.post/3mmz7mfavp62n,news
at://did:plc:dphcvvemxkpmyo73kzzdrauf/app.bsky.feed.post/3mmz7hhrppy2v,news
at://did:plc:zdyyvf43jr74zdodptrad6xy/app.bsky.feed.post/3mmz7eqwf6k25,opinion
at://did:plc:uf6566ur4zv2h7yl4les2ygh/app.bsky.feed.post/3mmz7ccusyz22,news
at://did:plc:wr2ufm6vcab5eine6zh4nuvf/app.bsky.feed.post/3mmz7caic3k2z,opinion
at://did:plc:de2b26mcnrp3uc7zxg7enx7o/app.bsky.feed.post/3mmz7b2ycoc2u,neither
at://did:plc:sal5vrp4pjrb5gm5omyssw52/app.bsky.feed.post/3mmz75tmi6z2a,news
at://did:plc:xqa6a3lnl53nqm3lktqyvnd4/app.bsky.feed.post/3mmz7534ec22d,opinion
at://did:plc:af57fopoyllusqml6w2627cf/app.bsky.feed.post/3mmz73sacuk2n,neither
at://did:plc:2b2gav45qwiqptgmhnksznmv/app.bsky.feed.post/3mmz6xwugtk27,news
at://did:plc:dekxpx2uisvl4uqg5gjnyu2q/app.bsky.feed.post/3mmz6wlmgqs2v,neither
at://did:plc:n4vacwgyusl2dej3pzavnxyl/app.bsky.feed.post/3mmz6wg7il22w,opinion
at://did:plc:vedguuv4ujh7juihk5iyq7fi/app.bsky.feed.post/3mmz6tcyc4s24,opinion
at://did:plc:4xqt7t2zph634drigtdxdmro/app.bsky.feed.post/3mmz6rpqaok2e,opinion
at://did:plc:i4ip2h75ifija6zu7ib5tha5/app.bsky.feed.post/3mmz6otravk2u,news
at://did:plc:k5nskatzhyxersjilvtnz4lh/app.bsky.feed.post/3mmz6oryqlb2e,news
at://did:plc:wr2ufm6vcab5eine6zh4nuvf/app.bsky.feed.post/3mmz6n3gcks2m,opinion
at://did:plc:ih26i5cgh7y3u6qblbz22qyk/app.bsky.feed.post/3mmz6l5uzxk2a,opinion
at://did:plc:utq7vjhzfflg4zshkt3eulyi/app.bsky.feed.post/3mmz6hrnqrc2o,opinion
at://did:plc:4ypafy7fbadzvmru3lejvgb5/app.bsky.feed.post/3mmz6fpdjqi2j,news
at://did:plc:guehcpzih5gpbot5lro2xwy3/app.bsky.feed.post/3mmz6fojnj62z,news
at://did:plc:shrdhrkbxq7gfggggayk2jo6/app.bsky.feed.post/3mmz6fmmel22f,opinion
at://did:plc:zqcw3hix2kccyacauvgwmss2/app.bsky.feed.post/3mmz6ef3f3c2d,opinion
at://did:plc:kwbvbdsuwcbvrbaqrostxetw/app.bsky.feed.post/3mmz6di2v622b,opinion
at://did:plc:626hondgaubhlerdelzg5apb/app.bsky.feed.post/3mmz6dfyg7k2g,opinion
at://did:plc:nmbphsz3e7f2jd7pxzz5cbpy/app.bsky.feed.post/3mmz6cdokes2r,opinion
at://did:plc:t425k3xuqtmsrdq4lrc4ssz2/app.bsky.feed.post/3mmz6bjtwa227,opinion
at://did:plc:sjej2liliky32bsb6kd3rhs7/app.bsky.feed.post/3mmz64bv2522r,opinion
at://did:plc:ejyvsim3nnddpbzim5twruxo/app.bsky.feed.post/3mmz5zqovj22a,opinion
at://did:plc:xgufx6jv37jwlgxyzl243vk4/app.bsky.feed.post/3mmz5uviwes2l,news
at://did:plc:auswpa5iso72tkwv43vri23p/app.bsky.feed.post/3mmz5umwxrk2u,news
at://did:plc:vmh2bwf3zaml2gnbxbrnnlol/app.bsky.feed.post/3mmz5qoalk22m,opinion
at://did:plc:d2tkhtm77uljwzywh4dbt4ot/app.bsky.feed.post/3mmz5kvswys2h,opinion
at://did:plc:owgmdcnic5s74uwbvcxse6oz/app.bsky.feed.post/3mmz5jqpixc2b,neither
at://did:plc:lu4aeoqgsetreezgnqibhqqh/app.bsky.feed.post/3mmz5j3otks2s,opinion
at://did:plc:2vqfwafcmxbpl6ngkxhvhhps/app.bsky.feed.post/3mmz5eqv6qs2j,opinion
at://did:plc:d4p5ax5yfkyjr74fwg4wyvdr/app.bsky.feed.post/3mmz5coafq22q,opinion
at://did:plc:a67zdrt4nl2tv2qojpngogbq/app.bsky.feed.post/3mmz5awf4gz2t,news
at://did:plc:xosxaspqge3nmgjrpkljnlr4/app.bsky.feed.post/3mmz574czf227,opinion
at://did:plc:n4jynmo5upmpzulw7bb25znu/app.bsky.feed.post/3mmz56iwosc2k,opinion
at://did:plc:ztfkk2t3m3cz4yslspwflx6v/app.bsky.feed.post/3mmz556kxyc2t,opinion
at://did:plc:o6ggjvnj4ze3mnrpnv5oravg/app.bsky.feed.post/3mmz53j7ehj2h,neither
at://did:plc:o6ggjvnj4ze3mnrpnv5oravg/app.bsky.feed.post/3mmz53g2ntb2b,neither
at://did:plc:o6ggjvnj4ze3mnrpnv5oravg/app.bsky.feed.post/3mmz532kx6j2a,neither
at://did:plc:peapyw3b5nnwl723pcrej4u7/app.bsky.feed.post/3mmz4xdja222r,opinion
at://did:plc:k4jssy3jlqrtbk43agng4zgu/app.bsky.feed.post/3mmz4v3am522d,news
at://did:plc:hicimafj2skixnplaqbmyhqc/app.bsky.feed.post/3mmz4si5q5k2r,opinion
at://did:plc:ddo2sqibuwq4kqufq37ktwxj/app.bsky.feed.post/3mmz4qejt5z2u,news
at://did:plc:gqnbhy35xp26ylqbcdddpmir/app.bsky.feed.post/3mmz7vbkgns2v,opinion
at://did:plc:et56hvr6ngmjoxgozb3oe6wd/app.bsky.feed.post/3mmz7ucoz3i2d,news
at://did:plc:qoisiv6vwq3vtkzndjuybysh/app.bsky.feed.post/3mmz7u7yz2c2g,neither
at://did:plc:hkhzyevkinhsftuys2nnssey/app.bsky.feed.post/3mmz7u7svqc2n,neither
at://did:plc:yro23gokcibk3em5kg37bpgh/app.bsky.feed.post/3mmz7t3zt5s2c,news
at://did:plc:lwgvv5oqh5stzb6dxa5d7z3n/app.bsky.feed.post/3mmz7ssu3qk22,opinion
at://did:plc:tzlsc5d7sqnbkzgwf7uu4ana/app.bsky.feed.post/3mmz7slufk22k,opinion
at://did:plc:lvlkfxpqjkou5frvip3i4sku/app.bsky.feed.post/3mmz7rxngg22c,news
at://did:plc:3c5bln4fufrjf5syuqw2m6sj/app.bsky.feed.post/3mmz7rhmq622d,opinion
at://did:plc:kkibbnrgbchvn5kww44nwn46/app.bsky.feed.post/3mmz7r5lfws2t,news
at://did:plc:kwqxvdiv6ossinc2q2rhbz42/app.bsky.feed.post/3mmz7qxxj422h,neither
at://did:plc:bmenexlnrrhcqdvhvzrywe6j/app.bsky.feed.post/3mmz7qmogg22v,opinion
at://did:plc:6qohzojcvoc7avnph3mghl3y/app.bsky.feed.post/3mmz7qfditk24,opinion
at://did:plc:v7qxgsaicycbiy7kyjjkqkx7/app.bsky.feed.post/3mmz7qegl2k2f,opinion
at://did:plc:est2zybv3awibvogs6zrsp4l/app.bsky.feed.post/3mmz7ppymcc27,opinion
at://did:plc:kqwuep5cwg4eptcrfytzfowp/app.bsky.feed.post/3mmz7plzvmc2c,neither
at://did:plc:laxjb5ygyvyggoxkvvxdoa2x/app.bsky.feed.post/3mmz7pbcfgc2n,neither
at://did:plc:3rrajqllwpwylfh4lyz33son/app.bsky.feed.post/3mmz7owcufk2k,neither
at://did:plc:66pn2rqf7or27ej3dthywwbr/app.bsky.feed.post/3mmz7ooqhks2v,opinion
at://did:plc:dv4f27itlshha46gnhgasno3/app.bsky.feed.post/3mmz7ojgttc2n,news
at://did:plc:xuqn26xhz46dgrm6nv6oqx5d/app.bsky.feed.post/3mmz7nnmlkc2w,neither
at://did:plc:hur5kz4omzpee5kh5i6qifdp/app.bsky.feed.post/3mmz7nkhpz227,neither
at://did:plc:gkpmtifololeldh2jvd25hvg/app.bsky.feed.post/3mmz7noenlc2f,neither
at://did:plc:hi4pl2gnflphzwbj6fsdouur/app.bsky.feed.post/3mmz7n3evss2f,opinion
at://did:plc:iipowqhztticiguaxkwgtiwt/app.bsky.feed.post/3mmz7mvclvc2i,opinion
at://did:plc:rp6sg5utnweiigcbf4pfh5zm/app.bsky.feed.post/3mmz7mfrguc2f,opinion
at://did:plc:fwccmwjymrzl7ss6dk3afr3r/app.bsky.feed.post/3mmz7mfaxjc2p,neither
at://did:plc:hrgpfvsjuyphsuso5cijqpcr/app.bsky.feed.post/3mmz7l654wc2i,opinion
at://did:plc:onmk3532vilcalz57rqaxk42/app.bsky.feed.post/3mmz7kqrdhs25,opinion
at://did:plc:mjqx3keoa7dnijwhju26fsx3/app.bsky.feed.post/3mmz7k542qs2f,opinion
at://did:plc:ulgx2y3v4hazkg6qmkxqtn5a/app.bsky.feed.post/3mmz7jfwifbg2,neither
at://did:plc:hezcbgyxha4zkvo3oouvpity/app.bsky.feed.post/3mmz7iwgvv22s,opinion
at://did:plc:b57mtrmgnq4xgkqjfcsruspy/app.bsky.feed.post/3mmz7imvek22e,neither
at://did:plc:a2cwfjof7nkitpogcejh7n72/app.bsky.feed.post/3mmz7ib2ijc2c,opinion
at://did:plc:vwei6o5hytxl6fgrrwoi2sns/app.bsky.feed.post/3mmz7hdhpnc2x,news
at://did:plc:o5pzm2afnlvvhnkqxpic3xq7/app.bsky.feed.post/3mmz7h27eak2f,neither
at://did:plc:fa5h25yzrpcsrvbtd5ovmfud/app.bsky.feed.post/3mmz7gkfloc2b,neither
at://did:plc:osdmcnk7g4jv23sdxssjw6mt/app.bsky.feed.post/3mmz7fv26js2j,neither
at://did:plc:v6axxofxzohig75jbl23shqd/app.bsky.feed.post/3mmz7fdag4c2v,opinion
at://did:plc:ry7nyykhn72qkx4alwfmg34e/app.bsky.feed.post/3mmz7eri6jc2j,neither
at://did:plc:43mecgsfldhj5spnni6r4zvn/app.bsky.feed.post/3mmz7eibitc2f,neither
at://did:plc:ufmdhiuk4jnyx5l4vgdu5duy/app.bsky.feed.post/3mmz7ufmkbn2r,opinion
at://did:plc:5i7qv6sq3azq3i3yzqicf6iz/app.bsky.feed.post/3mmz7tewva22v,opinion
at://did:plc:suhnlzpdrmy3yluekqhnebhh/app.bsky.feed.post/3mmz7rf2vys26,neither
at://did:plc:xvnjp2f2fhluoswjrav4oahw/app.bsky.feed.post/3mmz7jx4b2k2h,neither
at://did:plc:wyvx765w5prdqxip4gcyjs52/app.bsky.feed.post/3mmz7isviy223,neither
at://did:plc:orupuw2khzpb36m62zoqzhed/app.bsky.feed.post/3mmz7i7ek3x25,news
at://did:plc:z37gi5ms4spcaarqz6wqj4i3/app.bsky.feed.post/3mmz7gidmds2p,opinion
at://did:plc:a2hauqb7zpg6owr62kl4fxpx/app.bsky.feed.post/3mmz7fo3vas2z,opinion
at://did:plc:hivv3efpoueyphbnffrazexx/app.bsky.feed.post/3mmz7duak3k2y,neither
at://did:plc:d3qdv2vr7xlipigy7sq5vu6b/app.bsky.feed.post/3mmz7bncy4c2o,opinion
at://did:plc:6sp2ztvrdq6casp3aiiqrf55/app.bsky.feed.post/3mmz77hzk422i,neither
at://did:plc:gdllqkew3ihpfpzpvs2mr2le/app.bsky.feed.post/3mmz74oyxsk2o,opinion
at://did:plc:glrcxolr27mn5djqonorpnyl/app.bsky.feed.post/3mmz6xpoz222l,opinion
at://did:plc:yb6muf2vohkkkodqteueikra/app.bsky.feed.post/3mmz6x26js22z,opinion
at://did:plc:pqmmd2aceenk2hx4l2lpevvd/app.bsky.feed.post/3mmz6sqykcc23,neither
at://did:plc:7x6ffpekue5y3pzgxfsjv63p/app.bsky.feed.post/3mmz6pq6ud22q,news
at://did:plc:ykvfxsnswr6rcwdbwocwqajt/app.bsky.feed.post/3mmz6n5lu5k25,opinion
at://did:plc:psnjo4sajhs3aojsmbmizuch/app.bsky.feed.post/3mmz6mlw7ks2e,news
at://did:plc:jmuhjrotgvcquoaqtpcuxjii/app.bsky.feed.post/3mmz6ldpazs2u,news
at://did:plc:e2urver2l7mhzyken3sehm5f/app.bsky.feed.post/3mmz6kqvox22v,news
at://did:plc:wdvyw3eufw7wtflf7ukvevjg/app.bsky.feed.post/3mmz6hm2t6k2k,opinion
at://did:plc:xuhwb4qwqmuhvhw7keljcdu2/app.bsky.feed.post/3mmz6ev6cmo2f,opinion
at://did:plc:iykyukig3nuqkojuy3vei4t3/app.bsky.feed.post/3mmz6aa7tbk2n,opinion
at://did:plc:bg3ubi66jmvsic6yeopvqs7u/app.bsky.feed.post/3mmz65jswpk2p,opinion
at://did:plc:rfm3g2gimevzm3bz4liagyim/app.bsky.feed.post/3mmz5zy75yc23,opinion
at://did:plc:z2v2k45yp6cxfxzot6igv2ph/app.bsky.feed.post/3mmz5xlxpic2e,opinion
at://did:plc:x6jk7eapwamjtwiiphhro4qr/app.bsky.feed.post/3mmz5xdlodk2f,opinion
at://did:plc:xtlx3k3rmalrfctd6ccfw5y6/app.bsky.feed.post/3mmz5wwzqz22q,opinion
at://did:plc:grbylum4d3bjx7nzhwaaxt5x/app.bsky.feed.post/3mmz5w3osxl2x,opinion
at://did:plc:vy3i7app5xdokj67bobtzqfu/app.bsky.feed.post/3mmz5vguric2m,neither
at://did:plc:z62tzl5qbxy43mf2rhlnseix/app.bsky.feed.post/3mmz5vcvm5k2c,opinion
at://did:plc:vy3i7app5xdokj67bobtzqfu/app.bsky.feed.post/3mmz5rkt74k2a,neither
at://did:plc:nsekenygmde6y4c3m4ekcnch/app.bsky.feed.post/3mmz5oc2kws27,opinion
at://did:plc:bjiwl4ma5yiuovtkvozdeheq/app.bsky.feed.post/3mmz5mnevjs2m,news
at://did:plc:sp7mv4tn7lgnrvx4gghsbxq6/app.bsky.feed.post/3mmz5guxcx22z,news
at://did:plc:f74ez54s7ixrnlsqxzwzoiid/app.bsky.feed.post/3mmz53lvai22w,opinion
at://did:plc:d3blkgynnwi3rp7vak25pfe3/app.bsky.feed.post/3mmz52f5ya22g,opinion
at://did:plc:try46aj5ztgtt4ifndpxujg4/app.bsky.feed.post/3mmz4t7pvfh2n,news
at://did:plc:wjldefaxmyo5ext6my6qjesk/app.bsky.feed.post/3mmz4g5xgzr2a,news
at://did:plc:yakgotxfehzl67dcfesyeifo/app.bsky.feed.post/3mmz47zvp5s2z,opinion
at://did:plc:xzxoiq24kpfu6ylfjicegvu2/app.bsky.feed.post/3mmz46rlss22n,opinion
at://did:plc:vy3i7app5xdokj67bobtzqfu/app.bsky.feed.post/3mmz45qy7bs2x,opinion
at://did:plc:xdfadahpwvdsbgv3cxoixmqi/app.bsky.feed.post/3mmz42q34vs2z,news
at://did:plc:7wjzwqkw7oady5b52tlcon6r/app.bsky.feed.post/3mmz3vgi6sc2o,opinion
at://did:plc:s3oxdiqmwvzgvxxlvjnhzlwy/app.bsky.feed.post/3mmz3uvyh4225,opinion
at://did:plc:s6krigacdtlutzdgqqlgsmiw/app.bsky.feed.post/3mmz3tgfwfk27,opinion
at://did:plc:skf244z64dfa5yvynksq65ij/app.bsky.feed.post/3mmz3rfv6522n,opinion
at://did:plc:nizy5o333q672yq6td4nyddy/app.bsky.feed.post/3mmz3ob4cyp2i,opinion
at://did:plc:oobayuj4zhhswbciunshqkpi/app.bsky.feed.post/3mmz3nvtmri2y,news
at://did:plc:cukyh664zwfwfsi2qo7otdkl/app.bsky.feed.post/3mmz3mfnjar2j,opinion
at://did:plc:cukyh664zwfwfsi2qo7otdkl/app.bsky.feed.post/3mmz3mfnfdp2j,opinion
at://did:plc:dgxdw2mswpjnp7hq7duohpxu/app.bsky.feed.post/3mmz3iwepuc2m,opinion
at://did:plc:ykvfxsnswr6rcwdbwocwqajt/app.bsky.feed.post/3mmz3gvsthk25,opinion
at://did:plc:7m3o6lhpvwbwvdpkqij4ldse/app.bsky.feed.post/3mmz3g2kigc2t,news
at://did:plc:bcokzhr7z7w6fzmmez75hs26/app.bsky.feed.post/3mmz3fqony22g,opinion
at://did:plc:bcokzhr7z7w6fzmmez75hs26/app.bsky.feed.post/3mmz3fqog622g,news
at://did:plc:zm4pmvyimkhkw6exaksjkghb/app.bsky.feed.post/3mmz7u7lw422i,opinion
at://did:plc:qjiqyb2kykuituiyxnjbb45c/app.bsky.feed.post/3mmz7t6nmsc2i,opinion
at://did:plc:uyzkn4uidlowdqhvm2kxul5h/app.bsky.feed.post/3mmz7qpqpwc2l,opinion
at://did:plc:ie7cw6zwn5s7uxyank4b7goq/app.bsky.feed.post/3mmz7c4bohs2k,opinion
at://did:plc:tclret44j6novfty6k3kg4gj/app.bsky.feed.post/3mmz7b3regk2d,opinion
at://did:plc:soyroz7x2i7jyxisevuhy7tp/app.bsky.feed.post/3mmz6mg5t6c2q,opinion
at://did:plc:dtg2oeh4jj3lmbcxyxl6nm34/app.bsky.feed.post/3mmz6hrvqqp2z,opinion
at://did:plc:toj3xe4fajjfbtc3niqwz46z/app.bsky.feed.post/3mmz6fhjfkq2a,news
at://did:plc:etgtmr4742hofoygcvtldtro/app.bsky.feed.post/3mmz6bdn5yq2g,neither
at://did:plc:oobayuj4zhhswbciunshqkpi/app.bsky.feed.post/3mmz66elkmu2s,news
at://did:plc:vgdwohw5iqdlqxarugyujfcj/app.bsky.feed.post/3mmz5rld6tk2i,neither
at://did:plc:hekfuxpraybecg2zcjaevtfx/app.bsky.feed.post/3mmz5pr2qq22j,opinion
at://did:plc:232x7jjwjgaetq7w5ssar5ra/app.bsky.feed.post/3mmz5oxkyac2h,opinion
at://did:plc:gzxre2fvstrhcnr4k7atip5k/app.bsky.feed.post/3mmz5fr4cts2m,neither
at://did:plc:t4qjao6o2xfwavfc5ewwvosg/app.bsky.feed.post/3mmz57xlhe22w,news
at://did:plc:or5ksxsgdlbghycwoh67rf4e/app.bsky.feed.post/3mmz4qlzhy22w,opinion
at://did:plc:3ovdnvpc7quufjh5xdbgdcvo/app.bsky.feed.post/3mmz4nvsmrk2j,opinion
at://did:plc:yhdludkagnazd2w7tl7apcmh/app.bsky.feed.post/3mmz4lsytls2b,opinion
at://did:plc:a67zdrt4nl2tv2qojpngogbq/app.bsky.feed.post/3mmz4jaotts2u,news
at://did:plc:fw3wkjxovddcmdutgycc7zyu/app.bsky.feed.post/3mmz4ioaktk2v,news
at://did:plc:ug7oh357ogdzesja4a33qzat/app.bsky.feed.post/3mmz4ctfxfs27,opinion
at://did:plc:v3bkshlt2bwgh26djlhqeg5v/app.bsky.feed.post/3mmz4c4a2722k,opinion
at://did:plc:hekfuxpraybecg2zcjaevtfx/app.bsky.feed.post/3mmz45ssy5c2j,opinion
at://did:plc:rswl63o7qgvtwidh472ovycv/app.bsky.feed.post/3mmz43ef5tb2v,news
at://did:plc:fkwl6tbnev3vdx63bippmscy/app.bsky.feed.post/3mmz43ed7aj2g,news
at://did:plc:vfnmgxg2yscfliemmcxzyfyh/app.bsky.feed.post/3mmz3yf62vn2s,news
at://did:plc:qnsjrvpqjd6v6gbjzrgrq2ur/app.bsky.feed.post/3mmz3wt6t322e,neither
at://did:plc:t425k3xuqtmsrdq4lrc4ssz2/app.bsky.feed.post/3mmz3vauayc2s,opinion
at://did:plc:4vwkjmijpwzoqulerctaqphs/app.bsky.feed.post/3mmz3ur4bzs27,opinion
at://did:plc:fihiyte3u5luqhhrqdqfmjyu/app.bsky.feed.post/3mmz3rxbgw22k,neither
at://did:plc:raablndljezj7zgfu4asaq4e/app.bsky.feed.post/3mmz3rqtnxc2r,news
at://did:plc:mnspbna47fyslkzdwofxxak6/app.bsky.feed.post/3mmz3q6afpm2v,opinion
at://did:plc:h7qtoo7nxqxarrsijohjhbw4/app.bsky.feed.post/3mmz3nuv7cd2r,news
at://did:plc:wwbj4us2hychxijd4bjbwigb/app.bsky.feed.post/3mmz3mya7nm2b,news
at://did:plc:cukyh664zwfwfsi2qo7otdkl/app.bsky.feed.post/3mmz3mfnk7z2j,news
at://did:plc:cukyh664zwfwfsi2qo7otdkl/app.bsky.feed.post/3mmz3mfnjaq2j,opinion
at://did:plc:553eofo6hvuxcsxo7qfidxjs/app.bsky.feed.post/3mmz3mc7jrt25,news
at://did:plc:553eofo6hvuxcsxo7qfidxjs/app.bsky.feed.post/3mmz3mbs43d2v,news
at://did:plc:ba3xc6oqyhhuapgambb6bvtl/app.bsky.feed.post/3mmz3iiei4c2b,opinion
at://did:plc:ewzmk6cknma562phoo4cq7ym/app.bsky.feed.post/3mmz3hd4ikk2x,opinion
at://did:plc:4vwkjmijpwzoqulerctaqphs/app.bsky.feed.post/3mmz3gpa2ds27,opinion
at://did:plc:sy42rj4nkl372n6mqlmvm2j2/app.bsky.feed.post/3mmz3fp7sxc2j,neither
at://did:plc:s76gd2h7pxtxcyc57e6hmddj/app.bsky.feed.post/3mmz3fbjwb22t,opinion
at://did:plc:3ovdnvpc7quufjh5xdbgdcvo/app.bsky.feed.post/3mmz3a45tlc2j,opinion
at://did:plc:etgtmr4742hofoygcvtldtro/app.bsky.feed.post/3mmz2v5p3mo2c,neither
at://did:plc:ek4puso72kdsza42jtullfg4/app.bsky.feed.post/3mmz2v2yc622i,opinion
at://did:plc:b6tw6o27ogy4zf3qfdmrtcxg/app.bsky.feed.post/3mmz2pu7ew22o,opinion
at://did:plc:jhnxtnubqvp4bebtc53pgcrb/app.bsky.feed.post/3mmz2joqkrd2j,opinion
at://did:plc:77bsbb7mdntcafkctuddf735/app.bsky.feed.post/3mmz2b2zgy32h,opinion
at://did:plc:iabhfo7356tfpgydhywqrkvl/app.bsky.feed.post/3mmz25c3jz22e,opinion
at://did:plc:y2jwc6fghlwq6ntmmvgbwmt7/app.bsky.feed.post/3mmz24mjfzk2e,opinion
at://did:plc:xc36kjbtztk2slum3c45mqzy/app.bsky.feed.post/3mmz7fcjris25,opinion
at://did:plc:nx2svqt5sdm2xmkbxcgmpzis/app.bsky.feed.post/3mmz6fzid6s2y,opinion
at://did:plc:nx2svqt5sdm2xmkbxcgmpzis/app.bsky.feed.post/3mmz5jnghms2c,opinion
at://did:plc:p464uedvuxtzckhrm4pfwxa5/app.bsky.feed.post/3mmz54hlwjz22,news
at://did:plc:tn7v4pu6hujnjeay4rugipv6/app.bsky.feed.post/3mmz5dzwg3y2x,opinion
at://did:plc:jy6yfrbqycyqmkjsnxs2h6jz/app.bsky.feed.post/3mmz4jgdrcr25,news
at://did:plc:nx2svqt5sdm2xmkbxcgmpzis/app.bsky.feed.post/3mmz3xxakyk2h,opinion
at://did:plc:woutz4gf6d56sjr7xyd2skso/app.bsky.feed.post/3mmz3venoq223,opinion
at://did:plc:tn7v4pu6hujnjeay4rugipv6/app.bsky.feed.post/3mmz3xbvnjm2e,opinion
at://did:plc:6oc67aggollvpw7mmog32ii5/app.bsky.feed.post/3mmz3lndpjk2h,neither
at://did:plc:bgt62gzl3y5ke7b45xi5vkvu/app.bsky.feed.post/3mmz32s5tlz2y,news
at://did:plc:t5hgkoxrsxpe3wfisqfeymg5/app.bsky.feed.post/3mmz2w7ef5c2z,news
at://did:plc:hpkpsueipzcpj35a4o3vhluz/app.bsky.feed.post/3mmz2uidap227,news
at://did:plc:4s4ivkb523dolwkskbauvcyx/app.bsky.feed.post/3mmz2ubp4mc2o,news
at://did:plc:2by4zrofrv4qr4elhvc3swnz/app.bsky.feed.post/3mmz2qkrr4s2m,opinion
at://did:plc:5ueiinzcjr2p4keghnccnpyw/app.bsky.feed.post/3mmz2owmutc2v,opinion
at://did:plc:jx6gmgxkebov6hodjmljr3yv/app.bsky.feed.post/3mmyzqezmes2p,news
at://did:plc:pcs2omjdy7gi5lw2wkdli4pg/app.bsky.feed.post/3mmyzhz2j2k2h,opinion
at://did:plc:l62hdugjx6tjjaqgnc2utili/app.bsky.feed.post/3mmyyoy3jnk23,opinion
at://did:plc:bgt62gzl3y5ke7b45xi5vkvu/app.bsky.feed.post/3mmyynn5ylq24,news
at://did:plc:yzgrugzor7u52dr2odync63c/app.bsky.feed.post/3mmyyfoui6r26,news
at://did:plc:kkergqgbhb56ptpwj2wenkje/app.bsky.feed.post/3mmyy5il5ed2z,news
at://did:plc:vqa2mjfckvns4a4uxwzbithd/app.bsky.feed.post/3mmyxnm5tzs2v,neither
at://did:plc:katqkjdnpjfehf77ke25kayq/app.bsky.feed.post/3mmyxmlt7n22q,opinion
at://did:plc:am4taanintad4tue2uxd3a4y/app.bsky.feed.post/3mmywjtul422x,news
at://did:plc:4s4ivkb523dolwkskbauvcyx/app.bsky.feed.post/3mmyw6rk3322o,news
at://did:plc:4ilzxebn6rrhxyz3he4ise4v/app.bsky.feed.post/3mmyw4r6wik2r,news
at://did:plc:zlsjjmcm523yvkkwgt7jyhuo/app.bsky.feed.post/3mmyvqklnwl24,opinion
at://did:plc:2ys35qzvc265dtaltqdmgxcm/app.bsky.feed.post/3mmyvi52zsn2l,news
at://did:plc:3auglfwwpebyiozbojq5eqhy/app.bsky.feed.post/3mmyyxg46owc2,neither
at://did:plc:j67hl6tnm3aa6jlnsfo7j4my/app.bsky.feed.post/3mmytnvrpv22b,opinion
at://did:plc:y3wyn2keqln5hdywt7btznbj/app.bsky.feed.post/3mmysylpncs22,news
at://did:plc:yow3ni6hanedjubexs6imfg4/app.bsky.feed.post/3mmysudnnfd2a,news
at://did:plc:afeun4u4roq6dc5phhnsmhuq/app.bsky.feed.post/3mmyspraosa2y,opinion
at://did:plc:qyipmepnqowrzrk4abnfpwow/app.bsky.feed.post/3mmysb3jzrk2k,opinion
at://did:plc:e5inb6tzkgx45bfk6ove56gi/app.bsky.feed.post/3mmyrnbc6y22l,opinion
at://did:plc:x5au4d4pvjaemhhd322od3ze/app.bsky.feed.post/3mmyrczzb6s2d,news
at://did:plc:zqrgbzgd5j2uu6jx65lwyqfg/app.bsky.feed.post/3mmyrbpttkc2s,news
at://did:plc:myuaydeblgb6f226544mgt24/app.bsky.feed.post/3mmyqzhzdfc24,news
at://did:plc:3auglfwwpebyiozbojq5eqhy/app.bsky.feed.post/3mmyteu5x2ko2,neither
at://did:plc:p73j7l3mrl6gnjshikn7ecjn/app.bsky.feed.post/3mmyq25cvrc2w,opinion
at://did:plc:y3di62qottx2j7aandhtgaee/app.bsky.feed.post/3mmypwfi6tc2l,opinion
at://did:plc:tgbnhkys567ixbcwmqmz7pyl/app.bsky.feed.post/3mmyptd7qr22i,news
at://did:plc:lqwk3ei3uwemjrvygsc6pjt2/app.bsky.feed.post/3mmyog6shpc2v,news
at://did:plc:ptqslujurlrnncmzlhq5sscu/app.bsky.feed.post/3mmyocgimob2e,news
at://did:plc:ojkjhh3bpxj2hz2o3f6fe64n/app.bsky.feed.post/3mmyo2uyark2y,neither
at://did:plc:ge7hdux7uzeavfrpw6li7ztq/app.bsky.feed.post/3mmymtx6buf24,news
at://did:plc:kkergqgbhb56ptpwj2wenkje/app.bsky.feed.post/3mmymq23oyv2s,news
at://did:plc:j2nkiuq5tmgqct5kvp7f6ekh/app.bsky.feed.post/3mmymnx6l7c27,neither
at://did:plc:6rmrhohel6shjpoug4yfzspr/app.bsky.feed.post/3mmymkz2aoc2v,news
at://did:plc:r3nwpw3xykfeikyyw3r7k7kg/app.bsky.feed.post/3mmylxdctx22g,news
at://did:plc:ujepxgffmczcoj4udno5uyhy/app.bsky.feed.post/3mmylr4hg2s2v,opinion
at://did:plc:m53436tir5dteesyzatyc7r6/app.bsky.feed.post/3mmyl4i36mk2z,news
