text,generation_timestamp
"Hot take: “Keep it illegal” doesn’t stop abortion—it just forces women into unsafe situations. Call it what it is. If you care about life, support real healthcare and access. Period.",2026_05_21-20:58:06
"People arguing about “protecting babies” never mention the lives of actual women. No uterus, no opinion—especially when policy becomes punishment.",2026_05_21-20:58:06
"Pro-life posters, pro-death penalty vibes, pro-no-help energy… But suddenly it’s all about “family values.” Make it make sense. Stop hiding behind slogans.",2026_05_21-20:58:06
"If you don’t want abortion, don’t get one. But don’t strip choices from everyone else and then act shocked when women still need care.",2026_05_21-20:58:06
"Abortion bans don’t protect anyone—they deny medicine, raise risk, and trap families in pain. Justice should mean safety, not suffering.",2026_05_21-20:58:06
"“Just don’t have sex” is not a plan. Trauma, coercion, and failed contraception are real. Healthcare access matters—stop pretending otherwise.",2026_05_21-20:58:06
"You can’t call yourself pro-life while ignoring prenatal care, diapers, and childcare. That’s not love—that’s control.",2026_05_21-20:58:06
"When politicians vote to ban abortion, they’re voting to decide who gets to survive. That’s not morality; it’s power.",2026_05_21-20:58:06
Let women live. Let doctors treat. “Pro-birth” with no follow-up is just cruelty dressed up as faith.,2026_05_21-20:58:06
"I’m tired of the hypocrisy: protect fetuses on paper, abandon mothers in reality. Real pro-life means supporting both.",2026_05_21-20:58:06
"“Pro-life” until it’s inconvenient. 🙄
If you truly cared, you’d support affordable healthcare, birth control access, and paid parental leave—not just slogans.",2026_05_21-20:58:06
Abortion care isn’t a moral debate at the pharmacy counter. It’s healthcare. Consent matters. Timing matters. Shaming doesn’t fix anything.,2026_05_21-20:58:06
"They say “save babies” but fight every policy that helps mothers—no childcare, no safety nets, no medical access. That’s not pro-life.",2026_05_21-20:58:06
Safe abortion reduces maternal deaths. Denying care doesn’t protect anyone—it just pushes people into danger. We can do better.,2026_05_21-20:58:06
"Stop acting like pregnancy is a one-size-fits-all miracle. People deserve options, counseling, and medical privacy—period.",2026_05_21-20:58:06
"If you’re calling yourself pro-life, prove it: support comprehensive sex ed, contraception, and real help for families. Otherwise you’re just pro-control.",2026_05_21-20:58:06
Planned Parenthood closing “for safety” is a lie if it means less access to care. Safer systems require funding—not punishment.,2026_05_21-20:58:06
Remember: abortion bans don’t stop abortion. They stop safe abortion. Doctors get blamed while patients suffer.,2026_05_21-20:58:06
Some of y’all only show up for fetuses. What about the living people doing the carrying? Protect women’s health and autonomy.,2026_05_21-20:58:06
You can’t preach “protect life” while stripping care from women. That’s hypocrisy with a Bible sticker.,2026_05_21-20:58:06
"“Pro-life” is such a joke when it means criminalizing abortion but ignoring prenatal care, diapers, and childcare. If you truly cared, you’d support women after the headlines.",2026_05_21-20:58:06
"If you really cared about life, you’d support doctors, funding, and safe access—not shame. Abortion isn’t a hobby or “morality test,” it’s health care when someone needs it.",2026_05_21-20:58:06
“Pro-life” but silent when maternal mortality spikes? Where’s that energy? Protect pregnant people *before* it becomes a crisis.,2026_05_21-20:58:06
"Safe abortion saves lives. Criminalizing it just drives people into danger—especially teens, immigrants, and folks without money or privacy.",2026_05_21-20:58:06
"Stop calling it “killing babies” like it’s simple. Ask why people are denied care, fear arrest, and are forced to carry preventable harms.",2026_05_21-20:58:06
"You can’t claim “pro-life” while voting to cut prenatal care, birth control, and maternity support. That’s not protection—it’s neglect.",2026_05_21-20:58:06
PP and other clinics aren’t doing “nothing.” They’re providing medical care and options. “Discretion” shouldn’t mean “danger.”,2026_05_21-20:58:06
"If you think abortion should be illegal, tell me what you offer instead: prenatal support, childcare, and real healthcare. Otherwise it’s just control.",2026_05_21-20:58:06
"“Just don’t have sex” is such a lazy slogan. Bodies aren’t voting machines—rape, coercion, and emergencies are real. Safe care matters.",2026_05_21-20:58:06
"The irony is wild: people demand “protect the unborn” but don’t back policies that protect pregnant people. That’s not love, it’s branding.",2026_05_21-20:58:06
"Roe was overturned, but the need didn’t disappear. Don’t act surprised when people fight for safe access—because lives are on the line.",2026_05_21-20:58:06
"If you say “pro-life” but vote to cut healthcare, childcare, and prenatal support, you’re not pro-life—you’re pro-birth. Let people live safe, healthy lives after pregnancy too.",2026_05_21-20:58:06
"Pro-life shouldn’t mean “pro-birth.” If you actually care, support comprehensive sex education, contraception, and real help for moms—after the pregnancy too.",2026_05_21-20:58:06
Unsafe abortion kills—especially when people are blocked from care. We can’t shame women out of lifesaving healthcare.,2026_05_21-20:58:06
"“Just don’t have sex” isn’t a policy. People need facts, healthcare, and compassion—not moral lectures.",2026_05_21-20:58:06
"If you call it “saving babies,” where’s the support for prenatal care, childcare, and clinics that keep women alive?",2026_05_21-20:58:06
"No one wants abortion—people need options. Restricting care only drives desperation, not righteousness.",2026_05_21-20:58:06
"You’re not pro-life if you don’t care what happens after the “miracle.” Fund maternal health, housing, and safety—period.",2026_05_21-20:58:06
It’s wild how some folks scream “protect life” but vote to cut programs that protect living people. Make it make sense.,2026_05_21-20:58:06
Religion used to justify forced suffering is not pro-life—it’s cruelty dressed up as faith.,2026_05_21-20:58:06
"Let’s stop pretending abortion is a villain. It’s healthcare, and misinformation is the real harm.",2026_05_21-20:58:06
"When you police women instead of helping them, you’re not protecting life—you’re punishing bodies.",2026_05_21-20:58:06
“Pro-life” but you fight to ban abortion access like it’s a game… Meanwhile pregnancy doesn’t ask your religion for permission. Real life isn’t slogans—people need care.,2026_05_21-20:58:06
"If you’re actually pro-life, start funding prenatal visits, childcare, and support for moms. Don’t just show up to scream “abortion bad” then disappear.",2026_05_21-20:58:06
"They say “just give birth” like it’s a movie ending. What about trauma, cost, safety, and consent? Decisions belong to patients, not politicians.",2026_05_21-20:58:06
"You can’t call yourself pro-life while cheering policies that block contraception and healthcare. That’s control, not compassion—let people live, and let them choose.",2026_05_21-20:58:06
"Stop acting like abortion is some casual thing. It’s healthcare, it’s time-sensitive, and it’s between a patient and her doctor.",2026_05_21-20:58:06
“Protect the unborn” until the mother is the one bleeding and scared. Where’s the protection then? Safe abortion saves lives—period.,2026_05_21-20:58:06
I’m tired of hearing “pro-life” from people who don’t care about women once it’s inconvenient. Support prevention *and* access.,2026_05_21-20:58:06
"If your only plan is shame, you’re not pro-life—you’re just anti-woman. Compassion looks like options, not punishment.",2026_05_21-20:58:06
Planned Parenthood clinic closings don’t stop abortions—they just make them more dangerous. Tell me again how that’s “saving lives”?,2026_05_21-20:58:06
Remember: outlawing abortion doesn’t erase need. It drives care underground and puts bodies at risk. That’s not pro-life.,2026_05_21-20:58:06
"“Pro-life” but no paid leave, no healthcare, no child support? Cool. You love babies—until they’re real and inconvenient. Let families breathe and stop punishing women. Abortion is healthcare.",2026_05_21-20:58:06
"My body isn’t a debate stage. When access to safe abortion is restricted, people still get abortions—just later, riskier, and more deadly. Protect health, not control. #HumanRights",2026_05_21-20:58:06
"Stop acting like contraception is “optional” and abortion is “sin.” Both are about preventing suffering. Educate, fund care, and stop pretending punishment is compassion.",2026_05_21-20:58:06
"If your faith can’t support safe, legal abortion, then it’s not faith—it’s politics wearing religion. People deserve doctors, not threats. Period.",2026_05_21-20:58:06
"You can’t preach “life” while opposing the resources that keep lives safe—housing, healthcare, education. That’s not pro-life, it’s pro-birth for the rest to suffer.",2026_05_21-20:58:06
Someone runs a “pro-life” fundraiser but votes against maternal health? Miss me. That’s not protecting life—that’s demanding sacrifice from women.,2026_05_21-20:58:06
"Safe abortion access saves lives, especially for teens and low-income families. Don’t lie about “abortion being rare.” It’s needed when birth control fails.",2026_05_21-20:58:06
You don’t get to call yourself pro-life if you treat women like criminals. Compassion would be expanding care—not restricting it.,2026_05_21-20:58:06
"Threats and clinic closures don’t stop abortions—they just push them into unsafe hands. We need dignity, privacy, and medical support.",2026_05_21-20:58:06
"If you’re against abortion but also against comprehensive sex ed, condoms, and healthcare… you’re not pro-life. You’re pro-pregnancy and anti-women.",2026_05_21-20:58:06
"If you care about life, then back access to safe abortion and real prenatal care—not cruelty. Don’t hide behind “religion” while condemning people to preventable deaths.",2026_05_21-20:58:06
"“Just don’t have sex” isn’t a policy. It ignores coercion, assault, contraception failures, and pregnancy complications. Abortion care saves lives—period.",2026_05_21-20:58:06
"You can’t call it “pro-life” if you only show up when it’s time to force pregnancies. Where’s the support after—housing, healthcare, diapers?",2026_05_21-20:58:06
"Safe, legal abortion isn’t “immoral,” it’s healthcare. Restrict it and you don’t protect babies—you endanger pregnant people.",2026_05_21-20:58:06
"Stop pretending you’re helping women while cutting funding for clinics. People need doctors, meds, and privacy—not sermons and closed doors.",2026_05_21-20:58:06
"“Pro-life” means protecting both—so support comprehensive care: contraception, prenatal support, and safe abortion when needed.",2026_05_21-20:58:06
It’s wild how some folks want to control bodies but never take responsibility for the consequences. Accountability looks like compassion + access.,2026_05_21-20:58:06
"No one should have to beg for care because of politicians’ feelings. Reproductive freedom is about dignity, safety, and survival.",2026_05_21-20:58:06
"If you think abortion is violence, then you should be fighting for the reasons people seek it: poverty, lack of healthcare, and lack of support.",2026_05_21-20:58:06
You don’t get to claim “protecting life” while backing bans that drive people to unsafe procedures. That’s not morality—that’s harm.,2026_05_21-20:58:06
"If you want to protect life, start by protecting care. Safe abortion = fewer deaths, healthier outcomes. “Pro-life” shouldn’t mean “pro-forced-birth.” People deserve choices, not cruelty.",2026_05_21-20:58:06
"“Just don’t have sex” sounds cute until you remember rape, coercion, and failed contraception. Pretending those don’t exist is not morality—it’s control.",2026_05_21-20:58:06
"People love calling themselves pro-life, but won’t fund childcare, healthcare, or housing. That’s not protection. That’s punishment with a Bible sticker.",2026_05_21-20:58:06
"No one should have to travel, hide, or beg for medical care. Restrictions don’t stop abortions—they make them dangerous. Let doctors treat patients, not lawmakers.",2026_05_21-20:58:06
"Adolescent pregnancy deserves real support: accurate info, affordable care, and safe options. Turning away scared teens doesn’t save lives—it destroys futures.",2026_05_21-20:58:06
"Hypocrisy is loud: “save babies” for headlines, “let women die” in policy. If you truly cared, you’d support access to safe, legal abortion.",2026_05_21-20:58:06
"When abortion is stigmatized, people go without care. When care is available, lives are saved. Compassion should be the default, not shame.",2026_05_21-20:58:06
You can’t call it “pro-life” while stripping rights to health and autonomy. Life includes the living people affected now—not just the unborn.,2026_05_21-20:58:06
I’m tired of hearing “they’ll be fine” like women aren’t bodies and doctors aren’t experts. Safe abortion is healthcare. Full stop.,2026_05_21-20:58:06
"If the goal is fewer abortions, then support comprehensive sex ed, contraception, and access to care. Prove it with actions, not slogans.",2026_05_21-20:58:06
