reddit_id,reddit_fullname,subreddit,title,selftext,author,score,upvote_ratio,num_comments,created_utc,permalink,url,is_self,sync_timestamp
1tlfq2f,t3_1tlfq2f,democrats,Oakland Mayor Barbara Lee's initiatives have successfully lowered homicide rates by 22% compared to the past year--the lowest rate in sixty years,,spherocytes,173,0.99,4,2026-05-23T12:54:14+00:00,/r/democrats/comments/1tlfq2f/oakland_mayor_barbara_lees_initiatives_have/,https://i.redd.it/8knqs74bwv2h1.jpeg,False,2026_05_23-15:52:04
1tlikfu,t3_1tlikfu,democrats,"Researcher reveals official White House app is one command away from tracking your precise location every 4.5 minutes – app can also inject code to dodge cookie consent, GDPR banners, and paywalls",,Lebarican22,34,1.0,3,2026-05-23T14:51:13+00:00,/r/democrats/comments/1tlikfu/researcher_reveals_official_white_house_app_is/,https://www.techradar.com/pro/security/researcher-reveals-official-white-house-app-is-one-command-away-from-tracking-your-precise-location-every-4-5-minutes-app-can-also-inject-code-to-dodge-cookie-consent-gdpr-banners-and-paywalls,False,2026_05_23-15:52:04
1tl50ic,t3_1tl50ic,democrats,HUD Moves to Limit Assistance Animals for Disabled Tenants,,John3262005,114,0.98,30,2026-05-23T03:32:40+00:00,/r/democrats/comments/1tl50ic/hud_moves_to_limit_assistance_animals_for/,https://www.nytimes.com/2026/05/22/us/politics/hud-assistance-animals-disabled.html?unlocked_article_code=1.klA.GJxW.EvcaKkT-kZKm&smid=url-share,False,2026_05_23-15:52:04
1tkkpsg,t3_1tkkpsg,democrats,Reports pair Trump stock buys with official acts to show alarming pattern,,progress18,862,1.0,24,2026-05-22T14:31:09+00:00,/r/democrats/comments/1tkkpsg/reports_pair_trump_stock_buys_with_official_acts/,https://www.ms.now/rachel-maddow/watch/reports-pair-trump-stock-buys-with-official-acts-to-show-alarming-pattern-2500584003688,False,2026_05_23-15:52:04
1tkjo23,t3_1tkjo23,democrats,'A Fraud': Jamie Raskin Walked Into a Hearing with the Constitution and Dropped a Bombshell About Trump's $1.8B Scheme So Devastating Republicans Had to Shut Him Down,,bigroosterdaddy,723,1.0,16,2026-05-22T13:53:10+00:00,/r/democrats/comments/1tkjo23/a_fraud_jamie_raskin_walked_into_a_hearing_with/,https://atlantablackstar.com/2026/05/21/jamie-raskin-walked-into-a-hearing-with-the-constitution-and-dropped-a-bombshell-about-trumps-1-8b-scheme-so-devastating-republicans-had-to-shut-him-down/,False,2026_05_23-15:52:04
1tkmnhq,t3_1tkmnhq,democrats,Ken Paxton: The Republican Senate candidate who could lose Texas,,jonfla,380,0.99,45,2026-05-22T15:39:23+00:00,/r/democrats/comments/1tkmnhq/ken_paxton_the_republican_senate_candidate_who/,https://www.theatlantic.com/politics/2026/05/ken-paxton-texas/687256/,False,2026_05_23-15:52:04
1tklj6o,t3_1tklj6o,democrats,Trump’s Endgame Is Surrender,,D-R-AZ,404,0.99,57,2026-05-22T15:00:32+00:00,/r/democrats/comments/1tklj6o/trumps_endgame_is_surrender/,https://www.theatlantic.com/international/2026/05/trump-surrender-iran-endgame/687252/?gift=9raHaW-OKg2bN8oaIFlConZ-EFw2nifT-BELzpsrWF8&utm_source=copy-link&utm_medium=social&utm_campaign=share,False,2026_05_23-15:52:04
1tkrlkt,t3_1tkrlkt,democrats,"Lutnick Donated $5 Million to House Republicans Before Epstein Testimony; Howard Lutnick, the commerce secretary, made the donation after agreeing to an interview with lawmakers about his relationship with Jeffrey Epstein.",,progress18,199,0.99,10,2026-05-22T18:30:30+00:00,/r/democrats/comments/1tkrlkt/lutnick_donated_5_million_to_house_republicans/,https://www.nytimes.com/2026/05/22/us/politics/howard-lutnick-donation-house-republicans.html,False,2026_05_23-15:52:04
1tkqyo2,t3_1tkqyo2,democrats,"Tulsi Gabbard resigns as director of national intelligence, citing her husband's health",,Lebarican22,199,0.99,37,2026-05-22T18:08:57+00:00,/r/democrats/comments/1tkqyo2/tulsi_gabbard_resigns_as_director_of_national/,https://apnews.com/article/trump-tulsi-gabbard-director-national-intelligence-iran-788f1f14259d72bd7936fa2e83149efa,False,2026_05_23-15:52:04
1tkm2k0,t3_1tkm2k0,democrats,Donald Trump's approval rating hits record low among Republicans in Fox News poll,,jonfla,291,0.99,31,2026-05-22T15:19:12+00:00,/r/democrats/comments/1tkm2k0/donald_trumps_approval_rating_hits_record_low/,"https://thehill.com/homenews/administration/5888967-trump-approval-rating-republicans-economy-fox-poll/?shem=dsdf,sharefoc,agadiscoversdl,,sh/x/discover/m1/4",False,2026_05_23-15:52:04
